0 ,7
000003,14
000010,-59
000014,42
000018,6
000024,49
000025,0
000027,34
000028,0
0000C7,10
0000R1,0
0000R3,1
0000R4,0
0000R5,1
00035Y,5
0004,296
000A10,2
000A15,4
000A17,3
000A19,3
000A25,0
000C2,7
000C7,4
000P2,1
000R5A,1
000V2,0
0010KG,3
00330G,0
00350G,5
00405G,4
00420G,0
00440,4
00441,3
00480G,3
004A01,0
00600,9
00660,0
00685A,0
007B,7
00830A,12
00931B,9
00A002,17
00A004,0
00A20,1
00A22,1
00A24,1
00A300,18
00A3011,1
00A309,5
00A31,1
00A52,1
00A56,0
00B1,1
00D18,3
00HA104,10
00P302,60
00PW59,6
00S107,29
00V4,10
030172057885,0
030172057892,1
030172058172,1
030172058189,1
030172058196,1
030172058219,1
030172058233,1
030172058240,1
030172058295,2
030172058301,1
030172058325,0
030172058332,0
030172058356,1
030172058363,2
030172058370,1
0671875796895,11
0671875796901,12
06923276020265,1
097612360608,10
097612361001,3
097612660104,1
1000202 ,68
100107 ,50
100132 ,10
100377 ,11
10101 ,737
10102 ,27
10103 ,19
10104 ,48
10105 ,64
10106 ,3
102 ,22
103 ,20
1038W,8
104 ,22
105 ,0
106 ,18
10838200787 ,1
10838200800 ,3
110 ,1
1130 ,0
1168630410602 ,7
1168630512092 ,10
1168630612242 ,7
1168638420078 ,133
1168638421907 ,23
1168638998690 ,2
1168638998799 ,5
1168638998904 ,16
1168638998997 ,3
1168920709058 ,30
1168920724051 ,6
1168920812093 ,8
122 ,0
125ML,24
12F1164,21
12F1165,22
12F1166,2
132 ,0
133 ,0
14 ,1
150017 ,21
1530 ,5
15456 ,28
16 ,4
168110302909 ,7
17 ,1
1721612020123 ,6
1722612020120 ,1
1723612020127 ,6
180ML,24
1B1171,0
1B1172,17
1B1173,40
1B1176,15
1B2101,3
1B2103,13
1B2104,30
1B2105,15
1C2007,43
1C2009,57
1C2011,58
1C2106,2
1C2107,21
1C2116,0
1C2117,21
1C2206,4
1C2207,0
1C2208,0
1C2211,23
1C2213,36
1C2215,21
1C2217,26
1C2302,19
1C2303,18
200001 ,9
200002 ,13
200004 ,82
200005 ,13
2168630326360 ,10
2168630347600 ,12
2168630412094 ,1
2168638051271 ,13
2168638053008 ,8
2168638092717 ,28
23 ,8
23100279886 ,1063
23100279893 ,1334
23100279909 ,359
250ML,24
2659362131549 ,1
2659362464418 ,1
2659362464425 ,10
2659362464432 ,10
2659362464449 ,37
2659362464517 ,0
2659362464524 ,4
2659362464531 ,8
2659362465019 ,0
2659362465026 ,8
2659362465118 ,17
2659362465125 ,9
2659362465132 ,42
2659362465149 ,13
2659362465316 ,20
2659362465330 ,15
2659362465347 ,0
2659362465712 ,16
2659362465729 ,12
2659362465736 ,10
2659362541379 ,7
2659362689873 ,3
2659364312816 ,0
2659364312823 ,15
2659366800625 ,0
2659367107068 ,12
2659367136013 ,-1
2659367136037 ,18
2659367136044 ,0
2659367141116 ,5
2659367141130 ,34
2659367141413 ,21
2659367150699 ,0
2659367154130 ,0
2659367160339 ,1
2659367207065 ,0
2659367230728 ,3
2659367236010 ,18
2659367236034 ,5
2659367236041 ,3
2659367242196 ,2
2659367242516 ,8
2659367242561 ,10
2659367242592 ,20
2659367242653 ,8
2659367246545 ,3
2659367252249 ,3
2659367260336 ,11
2659367261937 ,31
2659367267328 ,1
2659367267564 ,1
2659367267588 ,1
2659367267649 ,1
2659367267656 ,0
2659367267663 ,1
2659367267670 ,14
2659367267724 ,0
2659367267731 ,2
2659367267748 ,0
2659367267755 ,0
2659367267762 ,23
2659367267779 ,27
2659367267786 ,28
2659367267809 ,0
2659367267816 ,1
2659367267823 ,3
2659367267830 ,2
2659367267847 ,39
2659367267861 ,19
2659367267885 ,7
2659367267922 ,2
2659367267946 ,3
2659367267977 ,0
2659367275019 ,43
2659367275026 ,5
2659367344210 ,3
2659367344227 ,10
2659367344234 ,8
2659367344241 ,8
2659367344715 ,20
2659367431286 ,1
2659367431545 ,4
2659367502528 ,0
2659367504911 ,1
2659367518475 ,2
2659367683722 ,5
2659367706087 ,3
2659367714136 ,5
2659367722049 ,1
2659367723138 ,5
2659367730563 ,2
2659367731515 ,19
2659367734189 ,2
2659367736077 ,8
2659367753845 ,48
2659367756198 ,4
2659367756846 ,9
2659367763042 ,1
2659367770866 ,0
2659367771306 ,1
2659367771504 ,0
2659367771528 ,1
2659367774635 ,16
2659367781015 ,13
2659367792158 ,0
2659367799744 ,27
2659367799751 ,7
2659367802932 ,1
2659367820912 ,1
2659367821285 ,0
2659367823319 ,16
2659367823357 ,5
2659367824279 ,3
2659367824361 ,5
2659367824378 ,7
2659367824385 ,11
2659367824392 ,25
2659367824422 ,7
2659367824446 ,12
2659367824453 ,7
2659367985055 ,3
2659367985079 ,3
2659367985475 ,0
2659367985864 ,13
2659367986274 ,1
2659367986281 ,5
2659367986366 ,0
2659367986380 ,8
2659367986397 ,0
2659367986434 ,0
2659367986540 ,1
2659367986823 ,1
2659367986830 ,4
2659367986847 ,4
2659367987929 ,1
2659367987936 ,4
2659367987950 ,0
2659367988414 ,2
2659367988445 ,1
2659367988469 ,2
2659367988896 ,2
2659367991520 ,18
2659367991810 ,4
2659367991827 ,18
2659367998963 ,3
2659367999403 ,29
30 ,29
300001 ,0
300002 ,0
3000032 ,7
300007 ,1
3000114 ,4
300015 ,2
300023 ,0
300024 ,0
300028 ,0
300029 ,1
300034 ,1
300042 ,1
300045 ,1
300054 ,1
300068 ,0
300069 ,0
3002 ,3
3003 ,3
30172007888 ,0
30172047923 ,1
30172080272 ,24
30172080289 ,12
30172240034 ,6
30172335181 ,2
30172335235 ,0
30172372018 ,2
30172830747 ,0
3168638063259 ,14
3168638063365 ,16
3182550702201 ,0
3182550702225 ,0
3182550702249 ,0
3182550702317 ,0
3182550702331 ,0
3182550702379 ,18
3182550702423 ,0
3182550702447 ,0
3182550702614 ,0
3182550702621 ,0
3182550702973 ,0
3182550704533 ,4
3182550707312 ,0
3182550707329 ,0
3182550721738 ,0
3182550721745 ,0
3182550721752 ,0
3182550842938 ,0
3281014056734 ,9
3281014056741 ,1
3281014056758 ,1
3281014056796 ,5
3281019012513 ,4
3336020041103 ,2
3336020054158 ,4
3336020056237 ,0
3336020061316 ,5
3336021041102 ,0
3336021340175 ,0
3336021340496 ,4
3336021351713 ,0
3336021351720 ,3
3336021371506 ,0
3336021371513 ,0
3336021371520 ,0
3336021371537 ,0
3336021371544 ,0
3336021390705 ,0
3336021390712 ,0
3336021390729 ,0
3336021390750 ,0
3336021422000 ,8
3336021422017 ,2
3336021463201 ,15
3336022030242 ,0
3336022054156 ,5
3336022060157 ,1
3336022060171 ,2
3336022060188 ,3
3336022060201 ,0
3336022060218 ,0
3336022060249 ,1
3336022060256 ,1
3336022063677 ,2
3336022063691 ,3
3336022063714 ,3
3336022065442 ,2
3336022065459 ,1
3336022067248 ,9
3336022067255 ,11
3336022120165 ,11
3336022120172 ,0
3336022351712 ,3
3336022800173 ,4
3336022800180 ,5
3336022800197 ,11
3336022800203 ,12
3336023351711 ,0
3336023351728 ,3
3336023460192 ,7
3336023460260 ,6
3336023460314 ,4
3336023460505 ,9
3336023521138 ,5
3336023521152 ,16
3336023521169 ,12
3336023521237 ,14
3336023521305 ,3
3336023521312 ,0
3336023521329 ,10
3336023521336 ,14
3336023521343 ,18
3336023521350 ,24
3336023521367 ,16
3336023521374 ,24
3336023538907 ,1
3336023538945 ,9
3336023538976 ,7
3336024001561 ,1
3336024234204 ,0
3336024351710 ,1
3336024707012 ,10
3336024707104 ,1
3336024707111 ,0
3336024707135 ,0
3336024707203 ,9
3336024811238 ,0
3336024827000 ,0
3336024827079 ,7
3336024827116 ,0
3336024827208 ,1
3336024827239 ,5
3336024827253 ,0
3336024827277 ,4
3336024827284 ,8
3336024827376 ,0
3336024827413 ,7
3336025040651 ,3
3336025040682 ,0
3336025040736 ,0
3336025100102 ,5
3336025100119 ,2
3336025100126 ,5
3336025100256 ,6
3336025100263 ,3
3336025100270 ,0
3336025100409 ,3
3336025101703 ,5
3336025101819 ,1
3336025461319 ,5
3336025461418 ,4
3336026040902 ,0
3336026101818 ,3
3336026702602 ,0
3336026702619 ,2
3336026702756 ,4
3336026702763 ,0
3336026702770 ,5
3336027101701 ,3
3336027101817 ,1
3336028040559 ,0
3336028234460 ,0
3336028542633 ,10
3336029040534 ,5
3336029234483 ,0
3336029461414 ,0
3336029961310 ,5
3336029961358 ,6
3336029991317 ,4
3352590137862 ,0
3352690137861 ,0
3352790137860 ,0
33B,4
3484152203521 ,1
350 ,2
3507614811086 ,0
3507614811109 ,0
3507614811116 ,0
3507614811208 ,3
350ML,24
35368002106 ,1
35368002151 ,1
35368002212 ,1
35368002540 ,1
35368003042 ,0
35368003097 ,1
35368003608 ,1
35368202155 ,1
35368202216 ,1
35368203046 ,0
35368203091 ,0
35585447025 ,4
3661726000155 ,1
3661726000179 ,2
3661726000216 ,2
3661726000223 ,2
3661726000230 ,2
3661726000247 ,5
3661726000254 ,6
3661726000261 ,2
3661726000278 ,4
3661726000285 ,4
3661726000292 ,5
3661726000353 ,8
3661726000360 ,5
3661726000377 ,6
400001 ,3
400002 ,11
4000498023808 ,6
4002064201337 ,20
4002064201368 ,15
4002064201405 ,25
4002064201580 ,19
4002064205007 ,27
4002064205045 ,104
4002064205052 ,0
4002064205069 ,0
4002064205106 ,22
4002064205113 ,3
4002064205144 ,17
4002064205168 ,0
4002064208060 ,0
4002064400167 ,14
4002064400174 ,0
4002064400259 ,0
4002064400686 ,24
4002064400693 ,11
4002064400709 ,0
4002064400716 ,12
4002064400723 ,30
4002064400730 ,19
4002064400747 ,8
4002064401065 ,25
4002064401362 ,16
4002064401393 ,16
4002064401423 ,0
4002064401874 ,18
4002064401881 ,18
4002064402109 ,2
4002064406091 ,21
4002064406268 ,0
4002064406282 ,7
4002064406756 ,0
4002064406763 ,6
4002064406787 ,33
4002064407289 ,17
4002064407364 ,10
4002064407517 ,28
4002064408064 ,6
4002064408804 ,0
4002064409139 ,2
4002064409146 ,0
4002064409436 ,39
4002064412887 ,0
4002064412900 ,24
4002064412917 ,6
4002064412948 ,10
4002064412962 ,51
4002064412979 ,8
4002064413082 ,0
4002064413099 ,273
4002064413105 ,76
4002064413112 ,-24
4002064413129 ,690
4002064413143 ,-8
4002064413150 ,237
4002064413266 ,225
4002064413273 ,32
4002064414157 ,31
4002064414164 ,42
4002064414171 ,6
4002064414508 ,4
4002064414515 ,26
4002064417080 ,7
4002064417127 ,40
4002064417233 ,0
4002064417240 ,0
4002064417370 ,1
4002064417462 ,2
4002064417646 ,32
4002064418261 ,0
4002064418285 ,26
4002064418391 ,14
4002064418407 ,28
4002064418414 ,1
4002064418421 ,27
4002064418551 ,15
4002064418568 ,10
4002064418575 ,15
4002064418612 ,-3
4002064418629 ,-11
4002064418636 ,0
4002064418643 ,3
4002064418650 ,5
4002064418667 ,3
4002064418674 ,4
4002064418698 ,0
4002064418711 ,35
4002064418735 ,3
4002064418865 ,41
4002064418872 ,18
4002064420387 ,12
4002064420394 ,10
4002064420400 ,3
4002064420448 ,40
4002064420516 ,-1
4002064420523 ,0
4002064420530 ,0
4002064421025 ,12
4002064421032 ,0
4002064421124 ,25
4002064421223 ,8
4002064430003 ,23
4002064430010 ,20
4002064430027 ,22
4002064430058 ,29
4002064430065 ,5
4002064430102 ,16
4002064430126 ,19
4002064500119 ,67
4002064500126 ,18
4002064500188 ,14
4002064501284 ,4
4002064501307 ,9
4002064501345 ,8
4002064504711 ,15
4002064504728 ,17
4002064504735 ,8
4002064504742 ,17
4002064504759 ,11
4002064504766 ,21
4002064504773 ,11
4002064504780 ,2
4002064504803 ,0
4002064504810 ,8
4002064504827 ,18
4002064504834 ,3
4002064504841 ,10
4002064504858 ,0
4002064504865 ,3
4002064505305 ,51
4002064506050 ,0
4002064512242 ,4
4002064512259 ,13
4002064512266 ,6
4002064512280 ,0
4002064512297 ,4
4002064512303 ,0
4002064512310 ,-6
4002064512327 ,0
4002064513003 ,54
4002064513041 ,85
4002064513065 ,207
4002064514444 ,1
4002064514468 ,25
4002064514482 ,11
4002064514604 ,12
4002064514611 ,25
4002064514628 ,22
4002064514635 ,17
4002064514734 ,10
4002064514741 ,18
4002064514802 ,6
4002064514819 ,8
4002064514826 ,7
4002064514833 ,11
4002064514840 ,9
4002064514857 ,15
4002064514864 ,18
4002064514871 ,2
4002064514888 ,19
4002064514895 ,17
4002064514901 ,14
4002064541730 ,2
4002064541747 ,9
4002064541754 ,0
4002064541761 ,16
4002064541792 ,27
4002064605111 ,45
4002064605128 ,5
4002064613253 ,0
4002064613260 ,1
4002064613475 ,0
4002064613505 ,0
4002064617107 ,5
4002064617114 ,44
4002064617121 ,10
4002064617138 ,27
4002064617220 ,51
4002064617251 ,3
4002064617275 ,0
4002064618005 ,4
4002064618012 ,28
4002064618050 ,28
4002064618074 ,9
4002064618081 ,2
4002064618098 ,10
4002064618104 ,0
4002064618111 ,21
4002064618128 ,16
4008239103765 ,22
4008239104083 ,0
4008239106018 ,4
4008239106025 ,0
4008239106063 ,0
4008239106100 ,0
4008239111296 ,14
4008239120038 ,247
4008239120120 ,35
4008239122001 ,1
4008239122216 ,1
4008239122681 ,2
4008239130259 ,25
4008239133694 ,11
4008239140296 ,28
4008239140319 ,27
4008239140517 ,0
4008239148018 ,10
4008239150011 ,8
4008239150103 ,0
4008239150264 ,38
4008239155245 ,30
4008239155559 ,5
4008239158871 ,7
4008239159045 ,10
4008239160799 ,33
4008239160966 ,26
4008239169914 ,0
4008239201416 ,3
4008239209917 ,12
4008239210036 ,67
4008239210470 ,57
4008239211101 ,3
4008239211224 ,1
4008239211804 ,20
4008239211941 ,4
4008239211965 ,36
4008239211989 ,35
4008239212245 ,0
4008239212313 ,36
4008239212375 ,46
4008239212382 ,1
4008239212436 ,48
4008239212450 ,21
4008239212542 ,3
4008239212573 ,0
4008239212634 ,14
4008239212641 ,0
4008239212788 ,0
4008239212887 ,14
4008239212900 ,30
4008239212924 ,8
4008239212948 ,23
4008239212962 ,30
4008239213501 ,13
4008239214270 ,34
4008239216403 ,0
4008239216410 ,5
4008239216434 ,10
4008239221025 ,178
4008239221193 ,0
4008239250049 ,0
4008239250155 ,8
4008239250421 ,0
4008239250438 ,1
4008239250735 ,5
4008239250896 ,4
4008239251084 ,0
4008239251541 ,0
4008239251947 ,0
4008239252234 ,0
4008239265470 ,0
4008239286161 ,6
4008239286468 ,0
4008239286567 ,14
4008239288417 ,7
4008239288431 ,4
4008239288448 ,18
4008239288455 ,7
4008239288462 ,8
4008239290915 ,0
4008239307743 ,1
4008239307750 ,0
4008239307774 ,25
4008239307842 ,1
4008239307859 ,17
4008239307958 ,12
4008239309587 ,17
4008239310026 ,35
4008239310033 ,6
4008239310217 ,4
4008239310514 ,34
4008239313782 ,4
4008239313799 ,18
4008239313843 ,24
4008239313850 ,19
4008239321916 ,5
4008239321992 ,10
4008239322005 ,6
4008239337931 ,0
4008239343567 ,0
4008239343574 ,0
4008239346025 ,0
4008239346049 ,1
4008239346117 ,3
4008239346230 ,0
4008239346346 ,13
4008239363817 ,4
4008239398000 ,1
4008239399083 ,16
4008239511256 ,1
4008429063923 ,19
4011905041926 ,5
4012496000002 ,1
4012496000040 ,7
4012496000125 ,6
4012496000132 ,3
4012496008336 ,3
4012496008343 ,4
4012496008367 ,2
4012496008398 ,6
4012496010681 ,5
4012496010698 ,4
4012496050007 ,0
4012496210425 ,1
4012496210456 ,2
4012496220011 ,4
4012496220028 ,5
4012496220035 ,11
4012496220066 ,6
4012496220073 ,5
4012496220097 ,6
4012496220127 ,2
4012496220172 ,1
4012496220202 ,10
4012496220233 ,2
4012496220240 ,5
4012496220288 ,0
4012496220301 ,1
4012496220349 ,12
4015110016410 ,1
4016598011751 ,1
4016598011959 ,1
4016598012048 ,2
4016598012055 ,1
4016598012147 ,1
4016598012154 ,2
4016598012253 ,1
4016598230046 ,1
4016598230077 ,2
4016598315750 ,6
4016598315767 ,6
4016598455203 ,2
4016598455326 ,1
4016598455371 ,10
4016598465639 ,4
4016598470121 ,6
4016598590805 ,1
4016598590812 ,1
4016598590829 ,1
4016598608661 ,11
4016598649664 ,3
4016598649671 ,8
4016598681701 ,1
4016598784655 ,2
4016598870501 ,1
4016598885604 ,0
40227070 ,52
40228070 ,37
4022853063465 ,1
4022853066916 ,8
4022853067036 ,3
4022853069054 ,3
4022853075048 ,2
4022853076366 ,4
4022853076373 ,1
4022853076434 ,5
4022853076458 ,2
4022853076533 ,5
4022853076595 ,4
4022853076601 ,7
4022853076618 ,4
4022853076700 ,3
4022853076755 ,4
4022853076779 ,3
4022853077691 ,9
4022853077806 ,3
4022853077905 ,1
4022853078094 ,1
4022853079534 ,6
4022853079657 ,4
4022853081223 ,2
4022853093547 ,3
4022853093561 ,8
4022853093578 ,4
4022853093844 ,2
4022853093929 ,2
4022853093950 ,1
4022853104304 ,2
4022853104847 ,1
4022853104854 ,2
4022853104885 ,3
4022853104908 ,8
4022853114013 ,6
4022853114020 ,4
4022853114051 ,0
4022853119667 ,1
4022853119872 ,3
4022853131010 ,9
4022853133144 ,1
4022853152633 ,2
4022853157294 ,7
4022853157645 ,2
4022853157652 ,3
4022853157669 ,3
4022853157676 ,6
4022853157683 ,9
4022853164186 ,4
4022853164193 ,1
4022853165213 ,3
4022853165534 ,2
4022853174819 ,15
4022853175809 ,2
4022853175854 ,3
4022853176110 ,3
4022853176127 ,0
4022853176479 ,10
4022853176509 ,15
4022853176660 ,1
4022853176769 ,2
4022853176776 ,2
4022853176806 ,1
4022853176882 ,5
4022853177445 ,3
4022853178411 ,3
4022853178879 ,3
4022853183262 ,2
4022853183859 ,8
4022853183866 ,1
4022853183873 ,7
4022853183880 ,3
4022853183897 ,1
4022853183903 ,2
4022853183927 ,3
4022853183941 ,1
4022853183965 ,2
4022853183972 ,1
4022853183989 ,9
4022853183996 ,4
4022853184009 ,3
4022853184047 ,1
4022853184269 ,3
4022853184276 ,3
4022853184283 ,1
4022853184337 ,3
4022853184351 ,3
4022853184368 ,3
4022853185686 ,5
4022853191861 ,4
4022853191885 ,3
4022853194299 ,3
4022853194459 ,3
4022853194466 ,8
4022853194640 ,3
4022853194664 ,7
4022853194947 ,3
40229070 ,1
40230070 ,77
41 ,27
4168638008549 ,15
4168638035156 ,5
4168638040013 ,5
4168638050029 ,12
4168638060813 ,20
4168638060820 ,4
4168638060837 ,25
4168638060844 ,10
4168638530088 ,1
4168638992206 ,14
4168638992213 ,6
4168638992237 ,16
4168638992244 ,3
4168638992312 ,3
4168638995252 ,7
4168638998499 ,1
4168920040318 ,8
4305511 ,6
43872312 ,17
4526 ,0
464 ,4
4714954153212 ,1
48054800504 ,2
4897030550102 ,23
4897030550119 ,2
4897030550140 ,4
4897030550157 ,10
4897030550164 ,5
48970305502100 ,2
4897030550450 ,1
4897030550750 ,13
4897030550768 ,1
4897030551000 ,1
4897030551062 ,13
4897030551086 ,3
4897030551222 ,2
4897030551505 ,1
48970305521000 ,1
48970305521002 ,2
48970305521500 ,4
4897030552200 ,1
4897030552625 ,3
4897030552816 ,2
4897030552946 ,1
4897030552953 ,0
4897030553141 ,1
4897030553226 ,5
489703055325 ,0
4897030553332 ,5
4897030553356 ,0
4897030553370 ,2
4897030553547 ,7
4897030553554 ,0
4897030553561 ,9
4897030553578 ,11
4897030553585 ,0
4897030553639 ,0
4897030553653 ,2
4897030553707 ,8
4897030553714 ,7
4897030553783 ,0
4897030553806 ,5
4897030553950 ,11
4897030554032 ,7
4897030554049 ,9
4897030554155 ,14
4897030554162 ,16
4897030554230 ,14
4897030554247 ,4
4897030554292 ,7
4897030554414 ,1
4897030554711 ,15
4897030554728 ,25
4897030554735 ,22
4897030554742 ,18
4897030554759 ,21
4897030554766 ,4
4897030554773 ,8
4897030554780 ,7
4897030554810 ,23
4897030555022 ,24
4897030555138 ,42
4897030555145 ,21
4897030555169 ,3
4897030555244 ,2
4897030555787 ,1
4897030555923 ,28
4897030555954 ,49
4897030556074 ,1
4897030556104 ,21
4897030556159 ,16
4897030556166 ,16
4897030556180 ,1
4897030556197 ,4
4897030556203 ,100
4897030556265 ,6
4897030556319 ,24
4897030556340 ,3
4897030556364 ,2
4897030556425 ,1
4897030556470 ,4
4897030556500 ,27
4897030556531 ,1
4897030556555 ,4
4897030556593 ,1
4897030556616 ,1
4897030556623 ,1
4897030556630 ,17
4897030556685 ,1
4897030556692 ,24
4897030556739 ,30
4897030557057 ,31
4897030557439 ,12
4897030557500 ,4
4897030557637 ,20
4897030557699 ,3
4897030557750 ,34
4897030557781 ,17
4972547000491 ,3
4972547524676 ,8
4972547524683 ,10
500001 ,2
500008 ,0
500ML,24
5011290137869 ,5
5011569000153 ,1
5011569000207 ,2
5011569000214 ,1
5011569000221 ,1
5011569000238 ,1
5011569002782 ,1
5011569002805 ,3
5011569002829 ,2
5011569002867 ,2
5011569002874 ,1
5011569008463 ,1
5011569008548 ,4
5011569008579 ,4
5011569110579 ,1
5012190137867 ,6
5012428040181 ,1
5023556002330 ,3
5023556050126 ,1
5023556341309 ,28
5023556341323 ,24
5023556341330 ,22
5023556341347 ,17
5023556341354 ,17
5023556344027 ,2
5023556450117 ,1
5023556450322 ,1
5023556450407 ,2
5023556450711 ,4
5023556450827 ,2
5023556451008 ,3
5023556451015 ,6
5023556451022 ,2
5023556451053 ,1
5023556451060 ,5
5023556451206 ,2
5023556451701 ,4
5023556451916 ,2
5023556452180 ,1
5023556454405 ,1
5023556454504 ,1
5023556455204 ,1
5023556460352 ,0
5023556460567 ,1
5023556460642 ,2
5023556460741 ,6
5023556460789 ,3
5023556461205 ,1
5023556462004 ,8
5023556462073 ,2
5023556462103 ,8
5023556462110 ,7
5023556464022 ,5
5023556464053 ,18
5023861000403 ,90
5023861000700 ,57
5023861000793 ,40
5023861000809 ,4
5023861111505 ,60
5023861111512 ,5
5023861111628 ,18
5023861111901 ,20
5023861112311 ,5
5023861112335 ,38
5023861114704 ,15
5023861114728 ,15
5023861114766 ,15
5023861114926 ,15
5023861115268 ,10
5023861115282 ,9
5023861115305 ,5
5023861115589 ,17
5023861115862 ,20
5023861115961 ,20
5023861116265 ,40
5023861116418 ,18
5023861116432 ,9
5023861118221 ,0
5023861118238 ,-2
5023861118474 ,75
5023861118498 ,38
5023861118511 ,54
5023861118535 ,39
5023861118559 ,6
5023861119310 ,7
5023861119327 ,0
5023861119341 ,0
5023861119921 ,2
5023861119945 ,21
5023861119952 ,0
5023861119976 ,0
5023861120132 ,37
5023861120163 ,38
5023861121016 ,40
5023861121436 ,0
5023861121832 ,5
5023861121924 ,20
5028804001714 ,1
5028804002100 ,0
5028804002179 ,5
5028804002445 ,1
5028804003701 ,3
5028804004869 ,1
5028804005491 ,4
5028804008799 ,10
5028804008805 ,3
5028804101308 ,7
5028804101353 ,5
5028804101360 ,2
5028804101407 ,15
5028804101445 ,4
5028804101476 ,3
5028804101483 ,6
5028804101506 ,9
5028804101513 ,51
5028804101599 ,1
5028804101605 ,5
5028804101612 ,2
5028804101704 ,20
5028804101841 ,4
5028804101902 ,2
5028804101919 ,1
5028804101926 ,1
5028804101933 ,1
5028804840368 ,6
5028804840382 ,4
5034206044624 ,1
5034206048011 ,0
5034206207524 ,0
5034206214522 ,1
5034206217509 ,0
5034206217516 ,0
5034206217523 ,0
5034206218025 ,1
5040015 ,5
51233204680 ,1
5168120050055 ,82
5168120400201 ,1
5168120400607 ,7
5168120714001 ,6
5168120727278 ,5
5168120800704 ,19
5168210403334 ,13
5168210419199 ,11
5168220306052 ,16
5168220308056 ,2
5168220324056 ,1
5168220404055 ,10
5168220408053 ,13
5168220410087 ,23
5168220418052 ,10
5168220419196 ,9
5168220420086 ,1
5168220605056 ,12
5168220621056 ,107
5168220705145 ,18
5168220820275 ,5
5168310420057 ,10
5168330401906 ,50
5168920409053 ,5
5350393003016 ,0
5350393004952 ,0
5400274256649 ,1
5400274256656 ,0
5400274256892 ,1
5400274256908 ,0
5400274256922 ,0
5400274257899 ,2
5400274258964 ,11
5400274260233 ,0
5400274261995 ,0
5400274262039 ,0
5400274262770 ,4
5400274270034 ,3
5400274287940 ,1
5400274292739 ,28
5400274294023 ,9
5400274294290 ,10
5400274302179 ,3
5400274302186 ,3
5400274302193 ,3
5400274311058 ,1
5400274311065 ,2
5400274311072 ,1
5400274314585 ,6
5400274314592 ,6
5400274314608 ,5
5400274314615 ,9
5400274314684 ,3
5400274363156 ,0
5400274363163 ,2
5400274363170 ,5
5400274363187 ,7
5400274363194 ,6
5400274529194 ,13
5400274531494 ,0
5400274531616 ,35
5400274680987 ,0
5400274707431 ,0
5400274717706 ,3
5400274717720 ,8
5400274717768 ,0
5400274722915 ,0
5400274730132 ,20
5400274738022 ,1
5400274750024 ,0
5400274750680 ,1
5400274753711 ,0
5400274811411 ,7
5400274822899 ,5
5400274837442 ,0
5400274892564 ,23
5400274897545 ,18
5400274925002 ,1
5400274948889 ,3
5400274948919 ,3
5400274954194 ,2
5400274954965 ,3
5400274954972 ,3
5400274954989 ,4
5400274958529 ,2
5400274959342 ,0
5400274972945 ,5
5400274982036 ,1
5400274984139 ,30
5400274984207 ,5
5400274984245 ,2
5400274984283 ,15
5400274984702 ,0
5400585002065 ,7
5400585002140 ,0
5400585002409 ,1
5400585003475 ,4
5400585004465 ,1
5400585004496 ,3
5400585004526 ,4
5400585004557 ,2
5400585004700 ,12
5400585004731 ,1
5400585004762 ,3
5400585004861 ,21
5400585005097 ,1
5400585005110 ,6
5400585005684 ,4
5400585005691 ,4
5400585005707 ,5
5400585005714 ,1
5400585005721 ,0
5400585005813 ,1
5400585005929 ,4
5400585006964 ,1
5400585006971 ,1
5400585006995 ,1
5400585007008 ,2
5400585007046 ,0
5400585007084 ,0
5400585008487 ,0
5400585008494 ,1
5400585008746 ,0
5400585009347 ,2
5400585009354 ,0
5400585010152 ,8
5400585010169 ,0
5400585010183 ,0
5400585010190 ,11
5400585010213 ,3
5400585010671 ,1
5400585010695 ,1
5400585011159 ,0
5400585011418 ,3
5400585012200 ,9
5400585012217 ,6
5400585012224 ,9
5400585012866 ,3
5400585012880 ,3
5400585012897 ,3
5400585012903 ,1
5400585012910 ,1
5400585013528 ,1
5400585013597 ,1
5400585013627 ,1
5400585028898 ,12
5400585029291 ,0
5400585032345 ,0
5400585032376 ,0
5400585033069 ,0
5400585034554 ,2
5400585034585 ,0
5400585034615 ,0
5400585036473 ,6
5400585036497 ,3
5400585036510 ,7
5400585043037 ,0
5400585043068 ,9
5400585043099 ,0
5400585043129 ,12
5400585043150 ,11
5400585043181 ,4
5400585043211 ,1
5400585045765 ,7
5400585045796 ,2
5400585045826 ,4
5400585046571 ,11
5400585046663 ,2
5400585049060 ,9
5400585049176 ,9
5400585049299 ,3
5400585049480 ,1
5400585050417 ,3
5400585050509 ,2
5400585050806 ,0
5400585051179 ,1
5400585053128 ,4
5400585053210 ,1
5400585053715 ,1
5400585054002 ,1
5400585054026 ,1
5400585056433 ,6
5400585056464 ,3
5400585056495 ,3
5400585056525 ,0
5400585056655 ,3
5400585056679 ,2
5400585056693 ,3
5400585056716 ,1
5400585057003 ,0
5400585058307 ,1
5400585060140 ,9
5400585060294 ,15
5400585063233 ,3
5400585063240 ,3
5400585063257 ,0
5400585063295 ,1
5400585063301 ,0
5400585063318 ,1
5400585063356 ,0
5400585063370 ,0
5400585065534 ,0
5400585065701 ,1
5400585065725 ,0
5400585065749 ,0
5400585065763 ,3
5400585066906 ,18
5400585066999 ,11
5400585067040 ,15
5400585068405 ,0
5400585068467 ,17
5400585068498 ,25
5400585068689 ,3
5400585068924 ,5
5400585073355 ,1
5400585073379 ,2
5400585073409 ,3
5400585073430 ,2
5400585073478 ,3
5400585073522 ,1
5400585073584 ,1
5400585073638 ,1
5400585082890 ,0
5400585082999 ,0
5400585083033 ,0
5400585083699 ,0
5400585083729 ,0
5400585083750 ,0
5400585084313 ,0
5400585086201 ,0
5400585087741 ,0
5400585093506 ,0
5400585095012 ,0
5400585095043 ,0
5400585095173 ,3
5400585095203 ,9
5400585095302 ,1
5400585095326 ,1
5400585095456 ,3
5400585095548 ,7
5400585095609 ,10
5400585096033 ,0
5400585096064 ,6
5400585096101 ,2
5400585096163 ,3
5400585098341 ,0
5400585098365 ,2
5400585098389 ,3
5400585098402 ,4
5400585100327 ,6
5400585100815 ,0
5400585100969 ,0
5400585101010 ,0
5400585101164 ,0
5400585101300 ,0
5400585101416 ,0
5400585102314 ,0
5400585102338 ,1
5400585103946 ,3
5400585105049 ,1
5400585106497 ,0
5400585106626 ,0
5400585106671 ,0
5400585106824 ,1
5400585106855 ,4
5400585106893 ,4
5400585107180 ,8
5400585107333 ,0
5400585107371 ,3
5400585107401 ,0
5400585107432 ,6
5400585107463 ,3
5400585109429 ,0
5400585110692 ,0
5400585111187 ,1
5400585111569 ,0
5400585111811 ,0
5400585111934 ,0
5400585112214 ,2
5400585112450 ,1
5400585112467 ,1
5400585112498 ,0
5400585112504 ,0
5400585112528 ,0
5400585112559 ,9
5400585112566 ,-1
5400585112573 ,0
5400585112597 ,1
5400585112610 ,0
5400585112689 ,0
5400585112962 ,0
5400585113013 ,1
5400585113037 ,1
5400585113051 ,0
5400585113099 ,0
5400585113129 ,0
5400585113150 ,0
5400585113181 ,0
5400585113204 ,1
5400585117059 ,7
5400585117080 ,8
5400585117110 ,8
5400585117257 ,3
5400585117370 ,2
5400585117400 ,4
5410340220122 ,4
5410340220269 ,1
5410340220979 ,7
5410340513408 ,1
5411290103831 ,1
5411290104821 ,1
5411290106634 ,3
5411290106665 ,2
5411290106795 ,4
5411290106825 ,3
5411290106856 ,3
5411290137522 ,0
5411290150927 ,0
5411290155427 ,0
5411290162029 ,1
5411290162111 ,1
5411290162258 ,2
5411290170475 ,0
5411290174534 ,4
5411290178853 ,1
5411290203395 ,0
5411290203425 ,0
5411290203456 ,0
5411290203517 ,1
5411290203548 ,0
5411290215763 ,4
5411290238663 ,0
5411290265553 ,1
5411290277051 ,1
5411290278966 ,0
5411290283823 ,3
5411290283946 ,0
5411290287739 ,0
5411290289320 ,9
5411290293525 ,0
5411290313971 ,0
5411290326285 ,0
5412087001507 ,2
5412087004218 ,0
5412087031573 ,0
5413500001999 ,24
5413500002002 ,0
5413500002026 ,0
5413500002088 ,3
5413500002095 ,1
5415245047805 ,11
5415245054308 ,1
5415245055008 ,11
5415245055503 ,0
5415245084701 ,1
5415245129709 ,3
5415245134208 ,4
5415245134307 ,1
5415245135403 ,0
5415245149202 ,3
5415245149905 ,1
5415245150000 ,2
5415245151502 ,6
5415245151601 ,17
5415245152004 ,5
5415245152509 ,2
5415245152707 ,6
5415245152806 ,19
5415245152905 ,6
5415245396705 ,18
5415245397108 ,1
5415245438801 ,17
5415245441801 ,0
5607329031644 ,4
5607329031682 ,4
5607329045429 ,2
5607329052281 ,7
5607329052298 ,5
5607329052311 ,1
5607329052328 ,4
5607329069166 ,4
5607329072975 ,1
5607329073194 ,1
5607329078847 ,6
5607329078854 ,1
5607329081014 ,1
5607329081137 ,2
5607329081144 ,2
5723998440997 ,1
58496022761 ,334
58496022778 ,894
5904479710475 ,4
5906485672303 ,1
6 ,12
600001 ,49
600003 ,0
600004 ,1
600014 ,2
600016 ,27
600022 ,0
6002190137867 ,6
6003190137864 ,15
605 ,10
60913 ,3
60914 ,4
6215445421271 ,51
6215454621455 ,113
624 ,8
628142003217 ,1
628142003231 ,1
628142003286 ,3
628142003309 ,1
628142003347 ,1
628142305151 ,1
628142315075 ,1
6287005810016 ,38
6287005810030 ,3
6287008500068 ,15
6287008500075 ,66
6287008500105 ,16
6287008500112 ,9
6287008500150 ,3
6287008500181 ,4
6287008500198 ,4
6294001810544 ,188
6294001810605 ,74
6294001822981 ,28
6294001824497 ,24
6500000100471 ,242
6500201700012 ,3
6500201700029 ,3
6500201700081 ,14
6500201700135 ,25
6500201700142 ,3
6500201700210 ,12
6500201700234 ,0
6500201700241 ,6
6500201700272 ,8
6500201700326 ,3
6500201700357 ,0
6500201700494 ,6
6500201710165 ,13
6500201712299 ,17
6500201718642 ,4
6500201726142 ,17
6500201726180 ,4
6500201726227 ,2
6500201728207 ,10
6500201733164 ,6
6500201744672 ,1
6500201751663 ,4
6500201751670 ,16
6500201767480 ,8
6500201767503 ,4
6500201778097 ,1
6500201778301 ,5
6500201790457 ,11
6500201790709 ,7
6500201794479 ,18
6500201799306 ,4
671875796871 ,11
671875796888 ,4
671875796918 ,11
67714001914 ,14
67714001945 ,0
67714102000 ,216
67714102017 ,227
67714102024 ,233
67714102031 ,91
67714102048 ,192
67714102062 ,193
67714102109 ,8
67714102116 ,8
67714102147 ,96
67714102222 ,2
67714102239 ,8
67714102253 ,11
67714102291 ,15
67714102321 ,16
67714102338 ,5
67714102345 ,12
67714102413 ,11
67714102468 ,5
67714102505 ,13
67714102536 ,12
67714102543 ,15
67714102550 ,6
67714102567 ,12
67714102598 ,0
67714102604 ,5
67714102611 ,5
67714102628 ,9
67714102635 ,3
67714102703 ,25
67714102710 ,4
67714102727 ,2
67714102734 ,8
67714102741 ,2
67714102758 ,24
67714102765 ,4
67714102772 ,7
67714102789 ,13
67714102819 ,8
67714102826 ,2
67714102833 ,47
67714102840 ,12
67714982046 ,0
67714982053 ,0
67714982084 ,0
67714982138 ,26
67714982145 ,0
67714982152 ,0
67714982190 ,0
67714982206 ,5
67714982213 ,0
67714982336 ,18
67714982343 ,0
67714982350 ,3
67714982367 ,0
67714982411 ,0
67714982442 ,0
67714982503 ,0
67714982534 ,0
67714982541 ,0
67714982565 ,0
67714982572 ,2
67714982633 ,0
67714982671 ,4
67714982718 ,3
67714982725 ,0
67714982732 ,3
67714982749 ,0
67714982756 ,0
67714982800 ,0
67714982817 ,0
67714982848 ,0
67714982855 ,2
67714985924 ,0
67714985948 ,0
67714985955 ,0
686 ,6
687 ,0
6901102201910 ,49
6920042812000 ,0
6920170202100 ,8
6920840306046 ,10
6920840312085 ,13
6920840312375 ,0
6920840312382 ,23
6920840322015 ,1
6921503869243 ,319
6923276003022 ,0
6923276020371 ,1
6923276020388 ,5
6923857640202 ,1
6933163300226 ,4
6938104040445 ,0
6938104040452 ,0
6938104040469 ,21
6938104040520 ,1
6938104040605 ,0
6938104050857 ,5
6946269501503 ,0
6948915025698 ,11
6948915070647 ,2
6948915070678 ,9
6948915070692 ,0
6948915071682 ,40
6954722201679 ,5
6954722205868 ,1
6956131000102 ,3
6956131000119 ,22
6957919906029 ,1
6970569710235 ,4
6970569710686 ,47
6970569710983 ,0
6970569711065 ,5
6970569711164 ,11
6970569712222 ,10
6970569713250 ,0
6970569714035 ,14
6970569714325 ,12
6970569714523 ,6
6970569714530 ,20
6970664982964 ,35
700026 ,1
700034 ,0
701029000902 ,3
701029001244 ,0
701029001251 ,1
701029001275 ,3
701029001572 ,3
701029002647 ,5
701029007017 ,10
701029007024 ,32
701029007031 ,0
701029007116 ,1
701029007307 ,1
701029007512 ,4
701029007628 ,0
701029007673 ,2
701029007901 ,2
701029007918 ,0
701029007932 ,7
701029007949 ,12
701029101258 ,0
701029101333 ,58
701029101340 ,6
701029101371 ,1
701029101425 ,19
701029101449 ,17
701029101463 ,26
701029101494 ,0
701029101500 ,0
701029101517 ,3
701029101708 ,0
701029101739 ,7
701029101777 ,1
701029101784 ,2
701029101807 ,1
701029101913 ,18
701029101920 ,18
701029103009 ,1
701029103023 ,3
701029103030 ,0
701029103047 ,6
701029103078 ,1
701029103085 ,1
701029103092 ,1
701029103139 ,0
701029106000 ,1
701029106291 ,10
701029107229 ,4
701029107243 ,9
701029107250 ,2
701029107328 ,11
701029107335 ,5
701029107359 ,3
701029108011 ,26
701029108035 ,3
701029108042 ,4
701029108059 ,26
701029108066 ,34
701029108073 ,5
701029108103 ,37
701029108240 ,19
701029108264 ,3
701029108271 ,12
701029108288 ,3
701029108318 ,16
701029108325 ,16
701029108424 ,7
701029108448 ,4
701029108523 ,11
701029108639 ,0
701029108646 ,3
701029108653 ,14
701029108691 ,0
701029108899 ,2
701029120013 ,2
701029120075 ,2
701029121034 ,1
701029121171 ,2
701029121621 ,1
701029121805 ,1
701029121874 ,5
701029130067 ,26
701029130074 ,10
701029130081 ,36
701029130128 ,30
701029130227 ,0
701029130326 ,20
701029131309 ,15
701029131507 ,2
701029150898 ,1
701029157125 ,2
701029157309 ,2
701029157385 ,0
701029157545 ,1
701029157750 ,6
701029157767 ,0
701029157842 ,4
701029158450 ,2
701029160095 ,7
701029160224 ,2
701029160231 ,5
701029160330 ,0
701029160361 ,0
701029160545 ,2
701029161023 ,0
701029162549 ,0
701029162587 ,1
701029162891 ,3
701029165014 ,9
701029165106 ,4
701029200036 ,1
701029210004 ,0
701029210028 ,0
701029210035 ,2
701029210066 ,13
701029210073 ,4
701029210080 ,0
701029210097 ,4
701029210110 ,2
701029210127 ,2
701029210202 ,18
701029210219 ,6
701029210226 ,9
701029210233 ,1
701029210264 ,2
701029210271 ,5
701029210363 ,1
701029210509 ,0
701029210530 ,0
701029210608 ,7
701029210615 ,5
701029210639 ,0
701029210745 ,1
701029210769 ,3
701029211025 ,2
701029211209 ,1
701029211407 ,2
701029211704 ,0
701029211711 ,15
701029211803 ,4
701029211827 ,0
701029211858 ,3
701029211872 ,3
701029211889 ,0
701029211919 ,1
701029211926 ,6
701029211933 ,20
701029211940 ,13
701029211957 ,0
701029211988 ,11
701029211995 ,1
701029212008 ,2
701029212015 ,4
701029212022 ,2
701029212039 ,2
701029212046 ,1
701029212060 ,0
701029212084 ,1
701029212107 ,1
701029212114 ,2
701029212121 ,0
701029212138 ,1
701029212152 ,0
701029212169 ,0
701029212206 ,6
701029212213 ,1
701029213326 ,1
701029213401 ,2
701029222403 ,5
701029222557 ,3
701029222618 ,3
701029230828 ,0
701029230842 ,1
701029231016 ,7
701029231023 ,6
701029310025 ,1
701029310124 ,2
701029310148 ,2
701029310193 ,3
701029310209 ,2
701029310254 ,7
701029310322 ,1
701029310407 ,12
701029310605 ,6
701029310643 ,51
701029310759 ,1
701029377820 ,1
701029377875 ,2
701029377905 ,0
701029378025 ,0
701029378629 ,2
701029378643 ,0
701029378926 ,5
701029555563 ,1
701029555594 ,2
701029576155 ,2
701029576162 ,2
701029576544 ,1
701029576551 ,4
701029700048 ,3
701029810068 ,11
701029810150 ,4
701029810181 ,1
701029810235 ,6
701029810242 ,2
701029820586 ,0
701029821019 ,1
701029821026 ,2
701029821033 ,3
701029821040 ,5
701029821057 ,2
701029821064 ,3
701029821071 ,1
701029821088 ,1
701029821095 ,2
701029821125 ,2
701029821132 ,2
701029821149 ,1
701029821200 ,1
701029821309 ,12
701029821316 ,7
701029821323 ,2
701029821330 ,5
701029821347 ,10
701029821354 ,0
701029821415 ,2
701029822016 ,1
701029822122 ,0
701029822207 ,7
701029822306 ,11
701029822412 ,0
701029822504 ,12
701029822740 ,1
701029822801 ,4
701029822818 ,4
701029822832 ,7
701029822931 ,6
701029822955 ,2
701029823020 ,1
701029823150 ,7
701029823167 ,15
701029823174 ,6
701029823181 ,5
701029823204 ,4
701029823402 ,7
701029823419 ,4
701029823433 ,5
701029823440 ,3
701029823457 ,5
701029824003 ,5
701029824027 ,8
701029824034 ,10
701029824041 ,10
701029824058 ,3
701029824171 ,1
701029825017 ,1
701029825024 ,19
701029825123 ,3
701029825208 ,1
701029825246 ,2
701029825253 ,15
701029825260 ,1
701029825277 ,1
701029825321 ,1
701029825390 ,4
701029825451 ,2
701029825499 ,13
701029825536 ,10
701029826007 ,5
701029826038 ,3
701029826045 ,0
701029827004 ,14
701029827011 ,4
701029827035 ,9
701029827097 ,5
701029827127 ,4
701029827165 ,3
701029827189 ,6
701029827240 ,6
701029827271 ,10
701029827370 ,11
701029829138 ,3
701029829374 ,4
701029829381 ,1
701029829497 ,1
701029829503 ,1
701029829534 ,1
701029829596 ,2
701029829602 ,3
701029829619 ,0
701029831001 ,8
701029831018 ,2
701029832411 ,0
701029903920 ,0
701029905054 ,0
701029905399 ,0
701029907478 ,3
701029908116 ,1
701029908628 ,1
701029908659 ,1
701029908734 ,0
701029908765 ,1
701029910003 ,1
701029910034 ,2
701029910041 ,1
701029910058 ,1
701029910065 ,2
701029910096 ,1
701029910102 ,1
701029910119 ,1
701029910140 ,2
701029910171 ,1
701029910188 ,2
701029910201 ,3
701029910218 ,2
701029910225 ,2
701029910232 ,2
701029910263 ,1
701029930148 ,0
701029930223 ,1
701029930421 ,1
701029930438 ,1
701029930582 ,0
725 ,8
727 ,2
729849105393 ,1
729849129191 ,1
729849130074 ,1
729849130111 ,1
729849130159 ,1
729849130333 ,7
729849130357 ,3
729849142596 ,3
729849142640 ,3
729849142718 ,2
729849146563 ,1
73091020400 ,1
73091020622 ,10
750826000806 ,26
7531824361426 ,0
75ML,23
7611212462703 ,2
7611212462741 ,17
780824107924 ,8
780824121005 ,16
780824127359 ,21
784369555554 ,1
784369660555 ,1
786306094065 ,0
786306096045 ,0
786306096380 ,3
786306499051 ,1
7898349701824 ,0
7898349701855 ,0
7898349701893 ,0
7898349701923 ,1
7898349701961 ,0
800034 ,5
8001254004389 ,0
8001254004396 ,7
8001254010052 ,-1
8001254010090 ,10
8003507970335 ,0
8003507970342 ,0
8005852143037 ,0
8005852143068 ,0
8005852143129 ,0
8005852270016 ,0
8005852270214 ,0
8005852273017 ,45
8005852280015 ,15
8005852280213 ,0
8005852280411 ,0
8005852280510 ,25
8005852613707 ,57
8005852613714 ,4
8005852613721 ,9
8005852617606 ,11
8005852617613 ,131
8005852617620 ,143
8005852617637 ,133
8005852617644 ,36
8005852617668 ,11
8005852667014 ,0
8005852667113 ,0
8005852667212 ,0
8005852712523 ,0
8005852712530 ,59
8005852712547 ,0
8005852712561 ,0
8005852712622 ,195
8005852750129 ,467
8005852750532 ,465
8005852750549 ,408
8005852751041 ,70
8005852751058 ,98
8005852753014 ,0
8005852753021 ,0
8005852753045 ,16
8005852753076 ,15
8005852753083 ,16
8005856750330 ,63
8005856750347 ,4
8006751008212 ,6
8006751011847 ,22
8006751022065 ,2
8006751025059 ,2
8006751025073 ,9
8006751025097 ,17
8006751025103 ,4
8006751025110 ,43
8006751025127 ,8
8006751025264 ,15
8006751025271 ,0
8006751050761 ,1
8006751057388 ,1
8006751058750 ,4
8006751064270 ,1
8006751065642 ,7
8006751075818 ,6
8006751087842 ,3
8006751087880 ,1
8006751094567 ,2
8006751328440 ,35
8006751328457 ,5
8006751328464 ,2
8006751328471 ,7
8006751328488 ,6
8006751328631 ,10
8006751328648 ,32
8006751329072 ,5
8006751329089 ,30
8006751329324 ,0
8006751329539 ,1
8006751331235 ,1
8006751332393 ,1
8006751332409 ,1
8006751332423 ,4
8006751332430 ,9
8006751334199 ,6
8006751342552 ,4
8006751342576 ,1
8006751345201 ,4
8006751346833 ,1
8006751346932 ,1
8006751347014 ,6
8006751348257 ,3
8006751353015 ,17
8006751353053 ,17
8006751353466 ,24
8006751353787 ,15
8006751353800 ,2
8006751353824 ,0
8006751354029 ,4
8006751354692 ,1
8006751354722 ,2
8006751355255 ,6
8006751355347 ,6
8006751355354 ,6
8006751355378 ,1
8006751355408 ,1
8006751355729 ,2
8006751355736 ,12
8006751356061 ,5
8006751356115 ,16
8006751356313 ,2
8006751356399 ,2
8006751356443 ,4
8006751356450 ,0
8006751356658 ,1
8006751356733 ,7
8006751356832 ,1
8006751356856 ,1
8006751362666 ,1
8006751362888 ,1
8006751362925 ,1
8006751363045 ,1
8006751363052 ,1
8006751363069 ,1
8006751364790 ,1
8006751364813 ,2
8006751364820 ,2
8006751364837 ,1
8006751366145 ,2
8006751366169 ,2
8006751366459 ,1
8006751375932 ,8
8006751375963 ,11
8006751376090 ,0
8006751376151 ,19
8006751376175 ,1
8006751376250 ,5
8006751376328 ,1
8006751376557 ,1
8006751376687 ,3
8006751387454 ,2
8006751388437 ,1
8006751392946 ,1
8006751392984 ,1
8006751393011 ,1
8006751393028 ,1
8006751393042 ,3
8006751393073 ,1
8006751393080 ,1
8006751393189 ,2
8006751393196 ,2
8006751393202 ,1
8006751393288 ,2
8006751400016 ,1
8006751400030 ,1
8006751400887 ,1
8006751401020 ,1
8006751401075 ,1
8006751401846 ,26
8007633191626 ,1
8009632000855 ,-1
8009632007694 ,18
8009632007700 ,35
8009632008622 ,26
8009632008639 ,17
8009632008653 ,5
8009632008660 ,3
8009632008677 ,3
8009632008691 ,8
8009632010823 ,0
8009632010830 ,0
8009632010984 ,5
8009632012605 ,2
8009632015804 ,1
8009632015880 ,0
8009632015897 ,5
8009632015903 ,6
8009632019659 ,3
8009632020570 ,0
8009632020587 ,1
8009632022338 ,4
8009632023786 ,1
8009632024448 ,5
8009632024509 ,2
8009632024516 ,1
8009632024523 ,2
8009632024530 ,3
8009632024547 ,10
8009632024554 ,2
8009632024837 ,27
8009632024844 ,12
8009632027043 ,3
8009632027289 ,8
8009632027753 ,3
8009632027760 ,2
8009632027777 ,20
8009632027814 ,9
8009632027821 ,15
8009632027845 ,1
8009632027876 ,3
8009632029184 ,2
8009632031194 ,0
8009632031217 ,5
8009632031231 ,7
8009632031262 ,1
8009632033303 ,3
8009632033334 ,3
8009632033600 ,2
8009632033723 ,31
8009632033730 ,28
8009632034003 ,10
8009632034010 ,6
8009632034072 ,20
8009632034508 ,1
8009632035116 ,2
8009632035840 ,1
8009632036618 ,6
8009632036625 ,3
8009632036984 ,21
8009632036991 ,49
8009632037004 ,10
8009632037059 ,1
8009632038568 ,1
8009632038575 ,2
8009632038643 ,1
8009632038667 ,4
8009632038698 ,2
8009632038711 ,0
8009632039251 ,3
8009632039268 ,2
8009632039275 ,0
8009632039282 ,6
8009632039299 ,0
8009632039305 ,1
8009632039350 ,8
8009632039367 ,5
8009632039374 ,0
8009632039381 ,7
8009632039404 ,1
8009632039428 ,9
8009632039503 ,1
8009632039510 ,15
8009632039688 ,11
8009632039695 ,1
8009632039701 ,0
8009632039718 ,3
8009632039732 ,2
8009632039756 ,10
8009632039800 ,0
8009632039831 ,13
8009632039848 ,4
8009632039855 ,39
8009632039893 ,1
8009632040028 ,13
8009632040042 ,8
8009632040066 ,5
8009632040073 ,3
8009632040097 ,0
8009632040103 ,1
8009632040141 ,6
8009632040158 ,2
8009632040189 ,4
8009632040202 ,11
8009632040226 ,0
8009632040271 ,8
8009632040288 ,1
8009632040295 ,8
8009632040301 ,6
8009632040318 ,1
8009632040332 ,9
8009632040356 ,12
8009632040363 ,9
8009632040370 ,12
8009632040400 ,3
8009632040431 ,2
8009632040448 ,0
8009632040462 ,2
8009632040493 ,8
8009632040509 ,20
8009632040516 ,26
8009632040547 ,10
8009632040554 ,13
8009632040561 ,0
8009632040585 ,8
8009632040592 ,31
8009632040608 ,14
8009632040615 ,15
8009632040622 ,26
8009632040639 ,10
8009632040660 ,3
8009632040677 ,3
8009632040691 ,20
8009632040714 ,7
8009632040721 ,13
8009632040738 ,10
8009632040745 ,32
8009632040752 ,3
8009632040790 ,27
8009632040806 ,17
8009632040813 ,11
8009632040820 ,11
8009632040837 ,21
8009632040844 ,27
8009632040851 ,14
8009632040868 ,24
8009632040875 ,2
8009632050560 ,0
8009632050584 ,1
8009632050614 ,1
8009632050706 ,2
8009632050744 ,2
8009632050805 ,6
8009632050904 ,17
8009632050942 ,5
8009632050959 ,8
8009632051109 ,5
8009632051116 ,0
8009632051123 ,2
8009632051130 ,2
8009632051147 ,5
8009632051154 ,5
8009632051161 ,1
8009632051260 ,20
8009632051277 ,0
8009632051390 ,17
8009632051802 ,1
8009632051819 ,1
8009632051826 ,1
8009632051833 ,0
8009632051888 ,1
8009632051895 ,0
8009632051918 ,3
8009632051925 ,0
8009632052380 ,3
8009632052397 ,0
8009632052434 ,0
8009632052458 ,0
8009632052809 ,0
8009632053134 ,9
8009632053141 ,6
8009632053158 ,8
8009632053165 ,1
8009632053370 ,0
8009632054148 ,0
8009632054155 ,1
8009632054162 ,0
8009632054193 ,0
8009632054209 ,0
8009632054247 ,4
8009632054254 ,1
8009632054261 ,5
8009632054285 ,1
8009632054308 ,6
8009632054643 ,0
8009632054681 ,2
8009632054711 ,1
8009632054759 ,0
8009632054773 ,1
8009632055206 ,3
8009632055558 ,0
8009632055565 ,4
8009632055572 ,1
8009632055626 ,1
8009632055657 ,0
8009632055664 ,0
8009632055671 ,0
8009632055688 ,0
8009632055695 ,0
8009632055701 ,1
8009632056432 ,2
8009632056449 ,0
8009632056456 ,4
801 ,1
8010690006376 ,4
8010690006789 ,2
8010690011844 ,1
8010690013978 ,0
8010690013985 ,1
8010690013992 ,1
8010690014012 ,0
8010690014104 ,1
8010690023113 ,2
8010690023144 ,1
8010690023199 ,14
8010690023212 ,3
8010690029931 ,33
8010690030029 ,1
8010690030036 ,4
8010690030043 ,0
8010690030852 ,1
8010690034256 ,4
8010690035260 ,32
8010690040899 ,5
8010690040905 ,7
8010690042091 ,1
8010690045771 ,2
8010690046013 ,1
8010690048017 ,4
8010690048024 ,3
8010690051048 ,1
8010690051772 ,2
8010690051857 ,1
8010690052595 ,6
8010690056807 ,1
8010690056814 ,3
8010690057224 ,1
8010690060231 ,2
8010690060583 ,5
8010690061498 ,3
8010690063133 ,1
8010690064987 ,4
8010690066288 ,1
8010690067094 ,1
8010690067117 ,3
8010690067445 ,1
8010690068244 ,0
8010690069593 ,6
8010690073101 ,4
8010690075952 ,2
8010690078847 ,2
8010690078854 ,7
8010690078861 ,3
8010690078878 ,6
8010690079349 ,1
8010690079417 ,10
8010690079592 ,1
8010690080864 ,3
8010690085234 ,4
8010690085241 ,1
8010690085258 ,5
8010690085265 ,2
8010690085456 ,2
8010690086941 ,1
8010690087467 ,1
8010690088297 ,2
8010690088440 ,0
8010690088457 ,8
8010690088495 ,1
8010690089799 ,1
8010690089805 ,1
8010690089812 ,1
8010690089829 ,1
8010690093550 ,2
8010690093604 ,10
8010690094274 ,3
8010690094434 ,2
8010690094830 ,7
8010690094915 ,3
8010690094991 ,6
8010690095073 ,5
8010690097206 ,1
8010690097220 ,1
8010690097237 ,2
8010690097244 ,2
8010690101613 ,2
8010690101804 ,2
8010690105161 ,0
8010690108391 ,1
8010690109367 ,1
8010690109374 ,1
8010690110417 ,1
8010690111674 ,1
8010690112381 ,3
8010690113364 ,15
8010690114446 ,1
8010690114620 ,1
8010690115177 ,1
8010690116006 ,4
8010690116068 ,1
8010690118055 ,1
8010690127613 ,0
8010690134451 ,1
8010690134468 ,1
8010690134475 ,1
8010690134499 ,1
8010690134512 ,1
8010690134581 ,1
8010690134598 ,1
8010690134604 ,1
8010690134628 ,1
8010690134659 ,1
8010690134734 ,1
8010690134796 ,1
8010690134802 ,1
8010690134888 ,3
8010690134895 ,1
8010690134925 ,1
8010690134949 ,1
8010690140810 ,1
8010690142586 ,1
8010690144443 ,5
8010690145273 ,3
8010690146850 ,1
8010690149240 ,1
8010690149349 ,3
8010690149387 ,2
8010690153537 ,0
8010690156101 ,1
8010690156187 ,1
8010690156811 ,1
8010690159553 ,1
8010690159645 ,1
8010690160023 ,1
8010690160542 ,1
8010690162195 ,1
8010690164045 ,56
8010690164274 ,1
8010690164687 ,3
8010690165141 ,1
8010690165158 ,1
8010690165165 ,1
8010690171647 ,1
8011469950692 ,7
8011469950715 ,8
8011469991145 ,12
8011469995570 ,4
8011469995808 ,16
8015912503077 ,0
8015912503084 ,0
8015912503091 ,0
8015912503107 ,0
8015912503114 ,0
8015912503121 ,26
8015912503138 ,9
8015912503145 ,0
8015912503152 ,5
8015912503169 ,4
8015912503176 ,2
8015912503183 ,0
8015912503190 ,13
8015912503206 ,10
8015912503213 ,30
8015912503220 ,26
8015912503237 ,0
8015912503244 ,0
8015912503251 ,86
8015912503268 ,58
8015912503275 ,0
8015912503350 ,16
8015912503367 ,0
8015912503374 ,3
8015912503381 ,0
8015912503398 ,2
8015912503404 ,13
8015912503411 ,0
8015912503428 ,-2
8015912503435 ,20
8015912503442 ,4
8015912503459 ,0
8015912503633 ,62
8015912503695 ,1
8015912504050 ,0
8015912504074 ,127
8015912504104 ,77
8015912504180 ,0
8015912504319 ,111
8015912504333 ,3
8015912504357 ,53
8015912504401 ,22
8015912504548 ,0
8015912504562 ,0
8015912504593 ,0
8015912504616 ,0
8015912504623 ,-1
8015912504654 ,0
8015912504661 ,0
8015912504678 ,0
8015912505255 ,1
8015912505262 ,5
8015912505279 ,0
8015912505637 ,35
8015912505644 ,65
8015912505651 ,93
8015912505668 ,0
8015912505736 ,0
8015912505743 ,24
8015912505750 ,41
8015912505767 ,29
8015912505842 ,35
8015912505859 ,19
8015912505866 ,56
8015912505880 ,0
8015912506047 ,0
8015912506054 ,-1
8015912506078 ,0
8015912506085 ,0
8015912506092 ,0
8015912506108 ,0
8015912506115 ,43
8015912506122 ,78
8015912506672 ,15
8015912506733 ,2
8015912506740 ,41
8015912506764 ,14
8015912507358 ,1
8015912507365 ,4
8015912507396 ,1
8015912507402 ,52
8015912507419 ,60
8015912507426 ,48
8015912507433 ,117
8015912507440 ,39
8015912508041 ,67
8015912508058 ,68
8015912509031 ,7
8015912509048 ,10
8015912509055 ,14
8015912509178 ,81
8015912509208 ,24
8015912509239 ,13
8017520001419 ,0
8018084000856 ,1
8018084016598 ,5
8018084016611 ,6
8018084023138 ,1
8018084024678 ,0
8018084042009 ,1
8018084052664 ,1
8021799860967 ,1
8022767000477 ,1
8022767000538 ,1
8022967012850 ,14
8022967022521 ,3
8022967023474 ,7
8022967032025 ,1
8022967036177 ,1
8022967036313 ,6
8022967038980 ,7
8022967039246 ,5
8022967039345 ,1
8022967040594 ,6
8022967040747 ,1
8022967045070 ,0
8022967045711 ,0
8022967049030 ,0
8022967049047 ,13
8022967055109 ,8
8022967062084 ,4
8023222000391 ,6
8023222002890 ,1
8023222002906 ,9
8023222008779 ,2
8023222009295 ,1
8023222012547 ,12
8023222012554 ,9
8023222012752 ,18
8023222012769 ,18
8023222012813 ,21
8023222013025 ,5
8023222013032 ,24
8023222013070 ,18
8023222013377 ,3
8023222013438 ,7
8023222013483 ,2
8023222013490 ,33
8023222013513 ,30
8023222013544 ,16
8023222013766 ,2
8023222014107 ,8
8023222014114 ,12
8023222014206 ,13
8023222014213 ,4
8023222014220 ,2
8023222014237 ,0
8023222014268 ,2
8023222014282 ,10
8023222014350 ,7
8023222014367 ,13
8023222015173 ,9
8023222015364 ,6
8023222016248 ,2
8023222017160 ,1
8023222019737 ,4
8023222024496 ,1
8023222026674 ,6
8023222027565 ,3
8023222027572 ,2
8023222027763 ,2
8023222027770 ,5
8023222027787 ,5
8023222028562 ,0
8023222028623 ,37
8023222028708 ,2
8023222029798 ,7
8023222030596 ,14
8023222031951 ,22
8023222031968 ,32
8023222031975 ,12
8023222032002 ,0
8023222032026 ,3
8023222041851 ,0
8023222043312 ,4
8023222043565 ,4
8023222044357 ,1
8023222049956 ,3
8023222050242 ,56
8023222051478 ,2
8023222052703 ,5
8023222052727 ,1
8023222052772 ,1
8023222052819 ,5
8023222053953 ,22
8023222056466 ,1
8023222056473 ,1
8023222056596 ,0
8023222060876 ,1
8023222060890 ,10
8023222061033 ,3
8023222061699 ,5
8023222063266 ,1
8023222063716 ,0
8023222064171 ,21
8023222064232 ,3
8023222064386 ,1
8023222064393 ,2
8023222064454 ,6
8023222064638 ,1
8023222065581 ,10
8023222066946 ,1
8023222073784 ,6
8023222075894 ,1
8023222075900 ,1
8023222078246 ,3
8023222078383 ,4
8023222078499 ,1
8023222078611 ,12
8023222078833 ,6
8023222078840 ,4
8023222078857 ,11
8023222078864 ,9
8023222078871 ,6
8023222078888 ,8
8023222078895 ,8
8023222078901 ,6
8023222081284 ,4
8023222082137 ,4
8023222084865 ,4
8023222084872 ,36
8023222084889 ,1
8023222089532 ,3
8023222089556 ,1
8023222089648 ,4
8023222089662 ,5
8023222089679 ,4
8023222089686 ,1
8023222089693 ,6
8023222089709 ,4
8023222089716 ,3
8023222089723 ,1
8023222089730 ,2
8023222089747 ,1
8023222089754 ,2
8023222089761 ,1
8023222089785 ,3
8023222090019 ,1
8023222092723 ,0
8023222093096 ,4
8023222093270 ,4
8023222094093 ,3
8023222094161 ,0
8023222094178 ,6
8023222094192 ,2
8023222094208 ,12
8023222094307 ,12
8023222094888 ,2
8023222094970 ,6
8023222105393 ,1
8023222106673 ,1
8023222111714 ,4
8023222111721 ,11
8023222113831 ,11
8023222113855 ,10
8023222113862 ,1
8023222114623 ,5
8023222114760 ,7
8023222114913 ,7
8023222115088 ,15
8023222116313 ,1
8023222120365 ,4
8023222121706 ,2
8023222121768 ,4
8023222121874 ,1
8023222121881 ,3
8023222121898 ,1
8023222121928 ,4
8023222121935 ,2
8023222123915 ,6
8023222124301 ,5
8023222125421 ,2
8023222125513 ,63
8023222125728 ,1
8023222125872 ,3
8023222126299 ,20
8023222126343 ,3
8023222126459 ,1
8023222126633 ,1
8023222126749 ,-1
8023222126756 ,6
8023222126763 ,0
8023222126770 ,2
8023222126954 ,1
8023222127500 ,3
8023222127517 ,6
8023222136847 ,2
8023222137462 ,1
8023222137592 ,1
8023222137783 ,1
8023222139084 ,2
8023222139732 ,2
8023222139749 ,3
8023222139756 ,1
8023222139763 ,1
8023222140288 ,17
8023222140486 ,1
8023222140684 ,1
8023222141711 ,0
8023222141827 ,0
8023222141872 ,0
8023222142138 ,1
8023222142794 ,0
8023222142947 ,1
8023222143166 ,1
8023222143395 ,2
8023222144392 ,2
8023222144514 ,1
8023222145078 ,1
8023222145092 ,1
8023222145719 ,0
8023222146426 ,1
8023222146464 ,1
8023222146471 ,1
8023222146525 ,1
8023222146952 ,12
8023222152526 ,2
8023222156135 ,1
8023222156937 ,1
8023222156968 ,1
8023222157118 ,6
8023222157132 ,1
8023222157347 ,2
8023222157439 ,1
8023222157590 ,1
8023222157620 ,11
8023222157637 ,20
8023222157675 ,3
8023222157712 ,8
8023222157729 ,7
8023222157736 ,3
8023222157804 ,2
8023222157811 ,3
8023222157828 ,1
8023222157842 ,9
8023222157859 ,10
8023222157873 ,5
8023222158030 ,14
8023222158047 ,1
8023222158054 ,2
8023222158061 ,11
8023222158757 ,0
8023222159013 ,3
8023222159020 ,2
8023222159099 ,4
8023222159518 ,0
8023222161276 ,3
8023222161290 ,2
8023222161320 ,3
8023222162235 ,4
8023222162570 ,0
8023222162587 ,0
8023222162600 ,1
8023222162617 ,0
8023222162648 ,1
8023222162662 ,5
8023222162730 ,2
8023222162747 ,0
8023222165199 ,0
8023222165205 ,3
8023222166622 ,0
8023222166646 ,1
8023222167759 ,4
8023222167889 ,1
8023222168084 ,17
8023222168091 ,0
8023222168503 ,4
8023222168787 ,2
8023222168794 ,1
8023222169203 ,1
8023222170261 ,9
8023222170292 ,17
8023222170506 ,4
8023222170551 ,0
8023222173170 ,3
8023222173248 ,4
8023222173279 ,5
8023222173323 ,3
8023222174009 ,3
8023222174047 ,2
8023222175228 ,4
8023222180833 ,2
8023222180857 ,1
8023222180864 ,3
8023222180871 ,2
8023222180888 ,2
8023222180895 ,2
8023222180901 ,3
8023222180918 ,0
8023222180925 ,4
8023222180932 ,0
8023222181946 ,0
8023222181953 ,1
8023222181977 ,4
8023222182059 ,2
8023222182110 ,1
8023222182127 ,1
8023222182134 ,1
8023222182219 ,5
8023222182318 ,1
8023222184169 ,1
8023222184176 ,1
8023222184183 ,2
8023222184206 ,2
8023222184213 ,3
8023222186989 ,1
8023222186996 ,2
8023222187016 ,0
8023222187061 ,6
8023222203600 ,1
8023222203617 ,5
8031398000091 ,0
8031398000817 ,0
8031398000831 ,1
8031398000855 ,0
8031398123585 ,0
8031398124025 ,0
8031398127668 ,0
8031398127675 ,2
8031398128542 ,0
8031398128566 ,0
8033776760207 ,1
8033776760689 ,0
8033776760818 ,3
8033776762003 ,1
8033776762010 ,2
8033776762058 ,0
8033776762102 ,9
8033776765080 ,22
8033776766780 ,2
8033776768531 ,3
8033776768715 ,2
8033776768937 ,2
8033776768944 ,2
8033776769385 ,0
8033776769866 ,1
8055960250028 ,5
8055960250066 ,1
8055960250080 ,1
8055960250127 ,1
8055960250141 ,1
8055960250165 ,5
8055960250196 ,2
8055960250219 ,1
8055960250226 ,1
8055960250233 ,1
8055960250257 ,1
8055960250301 ,2
8055960250332 ,1
8055960250370 ,0
8055960250387 ,2
8055960250394 ,2
8055960250400 ,1
8055960250486 ,4
8055960250509 ,1
8055960250523 ,3
8055960250530 ,2
8055960250547 ,1
8055960250554 ,2
8055960250561 ,5
8055960250578 ,5
8055960250585 ,5
8055960250592 ,5
8055960250608 ,5
8055960250615 ,5
8055960250622 ,5
8055960250639 ,4
8055960250646 ,5
8055960250653 ,5
8055960250677 ,5
8055960250790 ,1
8055960250806 ,2
8055960250813 ,1
8055960250820 ,1
8055960250844 ,4
8055960250899 ,5
8055960250943 ,1
8055960250950 ,5
8055960251247 ,5
8055960251261 ,5
8055960251292 ,5
8055960251315 ,5
8055960251322 ,5
8055960251377 ,4
8055960251391 ,5
8055960251407 ,10
8055960251445 ,10
8055960251452 ,5
8055960251568 ,4
8055960251575 ,1
8055960251612 ,5
8055960251629 ,3
8055960251674 ,5
8055960251773 ,5
8055960254194 ,2
8055960254217 ,1
8055960254354 ,2
8055960254422 ,3
8055960254439 ,5
8055960254446 ,5
8055960254453 ,5
8055960254460 ,5
8055960254484 ,5
8055960254491 ,5
8055960254507 ,5
8055960254514 ,5
8055960254521 ,5
8055960254538 ,2
8055960254545 ,2
8055960254576 ,1
8055960254606 ,3
8055960254620 ,1
8055960254644 ,0
8055960254682 ,2
8055960254781 ,5
8055960256358 ,5
8055960256396 ,5
8055960256402 ,1
8055960256426 ,4
8055960257300 ,5
8055960257348 ,5
8055960257379 ,5
8055960257386 ,5
8055960257393 ,5
8055960257409 ,5
8055960257416 ,5
8055960257423 ,5
8055960257430 ,5
8055960257447 ,5
8055960257454 ,5
8055960257461 ,4
8055960257478 ,4
8055960257485 ,5
8055960257492 ,5
8055960257508 ,5
8055960257515 ,5
8055960257522 ,5
8055960257539 ,5
8055960257546 ,5
8055960257782 ,5
8055960257829 ,1
8055960257843 ,5
8055960257867 ,3
8055960257904 ,5
8055960257928 ,5
8055960257959 ,2
8055960258031 ,5
8055960258048 ,5
8055960258116 ,2
8055960258185 ,0
8055960258505 ,2
8055960258529 ,2
8055960258536 ,2
8055960258543 ,2
8055960258550 ,2
8055960258598 ,5
8055960259458 ,4
8055960259526 ,4
8055960259533 ,4
8055960259540 ,5
8055960259557 ,5
8055960259571 ,4
8055960259632 ,5
8055960259649 ,4
8055960259663 ,4
8055960259670 ,5
8055960259700 ,1
8055960259717 ,2
8055960259793 ,2
8055960259823 ,1
8055960259953 ,4
8055960259977 ,4
8055960259984 ,5
8058093270208 ,11
8058093271908 ,4
8058093271991 ,3
8058093272417 ,0
8058093272653 ,0
8058093272660 ,1
8058093272677 ,2
8058093272769 ,1
8058093272868 ,12
8058093273162 ,1
8058093273346 ,1
8058093273353 ,8
8058773270733 ,5
8058773270818 ,2
8058773270825 ,5
8058773270863 ,5
8058773270870 ,5
8058773270900 ,2
8058773270917 ,5
8058773270962 ,5
8058773271624 ,5
8058773271631 ,5
8058773271648 ,5
8058773271655 ,5
8058773271730 ,5
8058773271747 ,5
8058773271754 ,5
8058773271761 ,4
8058773272003 ,3
8058773272010 ,5
8058773272027 ,5
8058773272034 ,5
8058773272041 ,5
8058773272058 ,2
8058773272065 ,5
8058773272072 ,3
8058773272218 ,5
8058773272225 ,5
8058773272232 ,5
8058773272249 ,5
8058773272256 ,5
8058773272263 ,5
8058773272270 ,5
8058773272287 ,3
8058773272300 ,5
8058773272317 ,5
8058773272324 ,4
8058773272331 ,5
8058773272348 ,5
8058773272355 ,3
8058773272362 ,5
8058773272379 ,5
8058773272386 ,5
8058773272393 ,5
8058773272409 ,5
8058773272423 ,4
8058773272454 ,4
8058773273697 ,4
8058773273703 ,5
8058773273710 ,5
8058773273727 ,5
8058773273741 ,3
8058773273758 ,4
8058773273789 ,3
8058773273819 ,5
8058773274229 ,5
8058773274236 ,5
8058773274243 ,4
8058773274250 ,3
8058773274267 ,4
8058773274274 ,4
8058773274281 ,5
8058773274298 ,2
8058773274304 ,5
8058773274311 ,4
8058773274328 ,4
8058773274335 ,5
8058773274342 ,5
8058773274359 ,5
8058773274366 ,5
8058773274373 ,4
8058773274380 ,5
8058773274397 ,4
8058773274403 ,5
8058773274410 ,5
8058773274427 ,5
8058773274441 ,5
8058773274465 ,5
8058773274489 ,5
8058773274519 ,1
8058773274618 ,1
8058773274625 ,1
8058773274816 ,1
8058773274823 ,1
8058773274830 ,1
8058773274915 ,1
8058773274922 ,0
8058773274946 ,1
8058773274984 ,1
8058773274991 ,1
8058773275004 ,1
8058773275011 ,1
8058773275028 ,0
8058773275035 ,1
8058773275134 ,1
8058773275141 ,1
8058773275158 ,1
8058773275165 ,1
8058773275172 ,1
8058773275189 ,1
8058773275196 ,1
8058773275202 ,1
8058773275219 ,1
8058773275226 ,2
8058773275233 ,1
8058773275240 ,0
8058773275257 ,1
8058773275264 ,1
8058773275271 ,1
8058773275288 ,1
8058773275295 ,1
8058773275301 ,1
8058773275318 ,1
8058773275325 ,1
8058773275332 ,1
8058773275349 ,1
8058773275356 ,1
8058773275363 ,1
8058773275370 ,1
8058773275479 ,1
8058773275486 ,0
8058773275493 ,1
8058773275509 ,1
8058773275516 ,1
8058773275523 ,1
8058773275530 ,1
8058773275547 ,1
8058773275684 ,1
8058773275691 ,1
8058773275707 ,1
8058773275714 ,1
8058773275721 ,1
8058773275776 ,1
8058773275783 ,1
8058773275790 ,1
8058773275806 ,1
8058773276155 ,1
8058773276162 ,1
8058773276179 ,1
8058773276186 ,1
8058773276193 ,1
8058773276209 ,1
8058773276384 ,0
8058773276445 ,1
8058773276483 ,1
8058773276490 ,0
8058773276520 ,1
8058773276537 ,1
8058773276605 ,1
8058773276612 ,1
8058773276629 ,1
8058773276636 ,1
8058773276643 ,1
8058773276650 ,1
8058773276667 ,1
8058773276674 ,1
8058773276681 ,1
8058773276698 ,0
8058773276704 ,1
8058773276711 ,1
8058773276728 ,1
8058773276735 ,1
8058773276742 ,1
8058773277107 ,1
8058773277121 ,0
8058773277138 ,0
8058773277145 ,0
8058773277176 ,0
8058773277336 ,1
8058773277343 ,1
8058773277350 ,1
8058773277381 ,0
8058773277398 ,0
8058773277404 ,0
8058773277466 ,0
8058773277473 ,0
8058773277503 ,1
8058773277572 ,1
8058773277589 ,0
8058773277657 ,1
8058773277671 ,0
8058773277718 ,0
8058773277763 ,0
8058773277879 ,0
8058773278036 ,1
8058773278050 ,1
8168638040095 ,36
8168638060116 ,22
830857009594 ,1
84 ,13
8410136207051 ,85
8411514032302 ,14
8411514803643 ,4
8411514805234 ,11
8411514805302 ,9
8414580000169 ,21
8414580000558 ,0
8414580000855 ,187
8414580000862 ,5
8414580000978 ,1
8414580001715 ,77
8414580002989 ,0
8414580003825 ,1
8414580004020 ,0
8414580004686 ,14
8414580004693 ,6
8414580005225 ,0
8414580005348 ,6
8414580005379 ,3
8414580008967 ,204
8414580010700 ,12
8428329000600 ,5
8429886000300 ,2
8429886000324 ,0
8429886000461 ,1
8429886000676 ,1
8429886000720 ,0
8429886001017 ,6
8429886001253 ,1
8429886001352 ,0
8429886001406 ,2
8429886001482 ,3
8429886001529 ,0
8429886001581 ,2
8429886001895 ,1
8429886002106 ,1
8429886008191 ,3
8429886008290 ,2
8429886008313 ,1
8429886008344 ,8
8429886008351 ,4
8429886008375 ,2
8429886008382 ,1
8429886008399 ,2
8429886008801 ,0
8429886008818 ,3
8429886008832 ,1
8429886019562 ,2
8429886019579 ,1
8429886019593 ,4
8429886019609 ,4
8429886020100 ,2
8429886020216 ,1
8429886020230 ,2
8429886020292 ,2
8429886020490 ,4
8429886020513 ,4
8429886020520 ,2
8429886020605 ,0
8429886020629 ,1
8429886020681 ,1
8429886021961 ,5
8429886021978 ,2
8429886022463 ,1
8429886022470 ,1
8429886022517 ,2
8429886022524 ,2
8429886022531 ,1
8429886022593 ,6
8429886022609 ,3
8429886022623 ,2
8429886022876 ,1
8429886022937 ,2
8429886022944 ,1
8429886022951 ,2
8429886022968 ,2
8429886023408 ,2
8429886023415 ,3
8429886024467 ,20
8429886024474 ,11
8429886024597 ,1
8429886024627 ,2
8429886024658 ,0
8429886024689 ,1
8429886024771 ,2
8429886024948 ,2
8429886024955 ,1
8429886024962 ,1
8429886025013 ,1
8429886025020 ,1
8429886025037 ,1
8429886025044 ,1
8429886025075 ,1
8435273309949 ,7
843775107037 ,1
843775107068 ,1
843775107099 ,1
843775107570 ,1
843775107587 ,1
843775107617 ,1
843775107624 ,1
843775107655 ,1
843775107662 ,1
843775107679 ,1
843775107686 ,1
843775107945 ,1
843775107952 ,1
843775107976 ,1
843775107983 ,1
843775108027 ,1
843775108058 ,1
843775108171 ,1
843775108188 ,1
843775108294 ,1
843775108447 ,0
84942592601 ,18
851609001017 ,1
851609001918 ,6
851609001956 ,1
856211005026 ,0
856211005033 ,3
856211005040 ,0
856211005057 ,12
856211005071 ,10
856211005101 ,21
856211005118 ,14
8698995010511 ,1
8698995010535 ,1
8698995010580 ,3
8698995010689 ,0
8698995010894 ,5
8698995011235 ,27
8698995011242 ,0
8698995011334 ,12
8698995019712 ,235
8698995019729 ,233
8698995019736 ,118
8698995019743 ,23
8698995019750 ,115
8698995019767 ,230
8698995019774 ,119
8699245856262 ,3
8711231101467 ,6
8711231101474 ,4
8711231103324 ,20
8711231108350 ,6
8711231109029 ,14
8711231109111 ,13
8711231112852 ,4
8711231115327 ,0
8711231115389 ,13
8711231135608 ,2
8711231136681 ,15
8711231150366 ,1
8711231150380 ,12
8711231170340 ,0
8711908114004 ,22
8711908130004 ,5
8711908133104 ,0
8711908233002 ,0
8711908290005 ,26
8711908291002 ,36
8711908292009 ,15
8711908383004 ,0
8711908384001 ,0
8711908385008 ,0
8713864000674 ,4
8713864000742 ,1
8852084172836 ,12
8852084172843 ,42
8852084172850 ,29
8852084172867 ,71
8852084172898 ,53
8852084172904 ,35
8852084173239 ,12
8852084173253 ,24
8852084173260 ,26
8852084173277 ,45
8853301550017 ,348
8853301550048 ,50
8853301550055 ,0
8855648008107 ,0
8855648008121 ,0
8855648008138 ,0
8855648008145 ,0
8855648008152 ,0
8858788708425 ,0
8858788708449 ,0
8858788708463 ,0
891049001734 ,1
900003 ,6
900006 ,7
900011 ,5
900013 ,49
900014 ,0
900016 ,1
900017 ,8
900024 ,18
900025 ,67
900031 ,0
900034 ,0
900081 ,1
900083 ,4
9168920005671 ,8
9310022906701 ,2299
97612180428 ,2
97612180435 ,4
97612180473 ,3
97612180480 ,3
97612200300 ,1
97612300093 ,1
97612910025 ,1
98364 ,0
A1000,0
A105,11
A200ML,24
A25,1
A308,15
A308G,2
AA20,17
AA4000,5
AC103,11
AX15-017-G,0
AX15-017-MG,0
AX15-017-W,0
BC23,1
BRAP50,1
BY123,1
BY125,1
BY59,5
C28,1
HJ401-10,4
HJ401-12,9
HJ401-14,2
HJ401-16,5
HJ401-6,2
HJ401-8,8
JMA0026,6
JMA0029,8
JMA0121,1
KD037,2
KJ201B,5
LZ0145,1
LZ0146,1
M01,1
M651,1
MR6,7
MR7,27
P312,20
P504,19
P507,22
P511,9
P516,0
P517,99
P521-A,119
P521-B,68
P522,16
P527,10
P535,1
P551,7
P552,1
P553,5
P581,0
P603-1,3
P611,11
P627,35
P629,1
P641,23
P646,1
P650,1
P660,4
P706,14
P707,167
P708,3
P712,6
P713,9
P717,2
P718,1
P733,8
P813-1,27
P814-1,1
P849,7
P852,4
P855,24
P889,1
P890,0
P902,36
P906,18
P936,17
PED9920,2
SWA0138,3
SWA0140,4
SWA0235,58
SWA0259,1
SWA0310,1
SWA0416,1
SWA0483,0
SWA0491,1
SWA0499,1
SWA0704,1
SWA0705,1
SWA0711,1
SWA0722,1
SWA0723,1
SWALC0471,1
SWALC0473,1
SWALC0474,1
SWALC0476,1
SWALC0479,1
SWALC0480,1
SWALC0489,1
SWALC0497,1
SWD00011,29
SWD0037,8
SWD0039,25
SWD0044,16
SWG0005,20
SWG0028,21
XF1001001,32
XF20109B,7
XF40002,2943
XF40010,12
XF50001,14
XF50301A,18
XF50301B,10
XF50303B,24
XF50303D,13
XF50304A,20
XF50304C,10
XF50304D,3
XF50310A,11
XF50313,16
XF50315,3
XF50328,18
XF50329,6
XF60301B,100
XF60301D,212
XF60301E,114
XF60301F,108
XF60301G,6
XF60302,22
ZER1,8
ZER2,9
ZER3,6