000001,2
000006,19
000014,29
000018,0
000023B,12
000025,70
000027,45
000028,18
0000600,0
0000C7,0
0000R3,0
00035Y,3
0004,3
000C2,3
000C7,7
000E30G,0
000H158,0
000P2,0
000V2,2
0010KG,1
00350G,0
00405C,1
00405G,0
00420G,0
00440,2
00441,0
00600,6
00660,0
00685A,18
007B,10
00931B,5
00A002,60
00A004,1
00A198,10
00A20,1
00A22,0
00A24,1
00A300,10
00A303,7
00A31,2
00A52,1
00A56,1
00B1,0
00HA104,5
00V4,4
0134,11
030172007888,1
030172057885,1
030172058196,0
030172058219,0
030172058233,0
030172058295,0
030172058325,0
030172058332,0
030172058363,0
067714102222,33
067714102239,9
067714102253,11
067714102284,12
067714102291,1
067714102307,24
067714102321,0
067714102338,17
067714102345,3
067714102383,5
067714102413,36
067714102420,13
067714102451,42
067714102468,12
067714102499,36
067714102505,8
067714102536,41
067714102543,6
067714102550,37
067714102567,3
067714102598,18
067714102604,13
067714102611,39
067714102628,13
067714102635,37
067714102703,13
067714102710,22
067714102727,9
067714102734,37
067714102741,11
067714102758,39
067714102765,3
067714102772,41
067714102789,7
067714102819,1
067714102826,0
067714102833,37
067714102840,14
097612360608,7
097612361001,9
100107 ,5
1010 ,110
10101 ,5997
10102 ,1472
10103 ,99
10104 ,14
10105 ,0
10106 ,0
102 ,6
103 ,23
1033 ,3
104 ,7
106 ,3
10838200787 ,3
1111 ,7
1130 ,8
1168630410602 ,7
1168630512092 ,21
1168630612242 ,33
1168638420078 ,10
1168638421907 ,9
1168638899591 ,12
1168638998690 ,11
1168638998799 ,9
1168638998904 ,11
1168920709058 ,17
1168920724051 ,6
121 ,6
122 ,4
1220 ,13
1230 ,20
125ML,10
126 ,2
128 ,7
129 ,6
130 ,1
131 ,6
132 ,1
133 ,2
150017 ,-1
1530 ,13
15456 ,10
17 ,8
1721612020123 ,6
1722612020120 ,9
1723612020127 ,11
17800175098 ,0
17800175159 ,0
180ML,46
1825 ,26
1B1158,1
1B1160,0
1B1173,0
1B1176,1
1C2011,15
1C2012,20
1C2107,4
1C2206,0
1C2207,0
1C2208,0
1C2211,0
1C2213,0
1C2215,0
1C2217,1
1C2302,4
1C2303,1
200002 ,41
2168630347600 ,9
2168638051271 ,21
2168638092717 ,16
250ML,11
2659362464418 ,111
2659362464425 ,79
2659362464432 ,71
2659362464449 ,52
2659362464517 ,13
2659362464524 ,33
2659362464531 ,88
2659362465019 ,10
2659362465026 ,6
2659362465118 ,35
2659362465125 ,105
2659362465132 ,84
2659362465149 ,148
2659362465316 ,99
2659362465323 ,177
2659362465330 ,113
2659362465347 ,19
2659362465712 ,151
2659362465729 ,78
2659362465736 ,108
2659362541379 ,0
2659362689873 ,5
2659364312823 ,1
2659367050487 ,2
2659367107068 ,5
2659367136013 ,8
2659367136037 ,4
2659367136044 ,3
2659367141123 ,133
2659367141130 ,16
2659367141147 ,16
2659367141413 ,117
2659367141420 ,107
2659367221207 ,4
2659367230711 ,108
2659367236010 ,19
2659367236034 ,27
2659367242196 ,11
2659367242516 ,87
2659367242592 ,17
2659367246545 ,32
2659367250474 ,3
2659367260336 ,1
2659367261937 ,23
2659367267526 ,0
2659367267588 ,1
2659367267595 ,1
2659367267632 ,1
2659367267649 ,0
2659367267656 ,11
2659367267670 ,20
2659367267731 ,0
2659367267755 ,0
2659367267762 ,1
2659367267779 ,60
2659367267786 ,47
2659367267793 ,0
2659367267809 ,5
2659367267816 ,18
2659367267823 ,10
2659367267830 ,26
2659367267847 ,43
2659367267854 ,27
2659367267861 ,52
2659367267878 ,31
2659367267885 ,16
2659367267892 ,4
2659367267908 ,1
2659367267915 ,0
2659367267922 ,5
2659367267946 ,28
2659367267977 ,25
2659367275019 ,4
2659367275026 ,1
2659367275521 ,0
2659367344210 ,108
2659367344227 ,39
2659367344234 ,97
2659367344241 ,82
2659367344715 ,49
2659367431286 ,0
2659367431545 ,22
2659367504911 ,1
2659367706087 ,26
2659367706339 ,10
2659367714136 ,18
2659367718790 ,20
2659367718813 ,13
2659367721684 ,1
2659367723138 ,54
2659367730563 ,1
2659367731515 ,20
2659367732482 ,2
2659367734448 ,0
2659367740333 ,1
2659367753845 ,0
2659367756143 ,0
2659367756198 ,58
2659367756846 ,17
2659367799744 ,0
2659367799751 ,5
2659367803434 ,0
2659367823319 ,4
2659367823357 ,13
2659367824279 ,0
2659367824361 ,87
2659367824378 ,10
2659367824385 ,68
2659367824392 ,24
2659367824422 ,9
2659367824446 ,19
2659367824453 ,23
2659367825085 ,3
2659367985055 ,0
2659367985079 ,0
26593679850799 ,0
2659367985093 ,0
2659367985482 ,0
2659367985499 ,0
2659367985864 ,2
2659367986281 ,0
2659367986359 ,0
2659367986366 ,0
2659367986380 ,1
2659367986397 ,0
2659367986434 ,0
2659367986441 ,0
2659367986540 ,3
2659367986823 ,2
2659367986830 ,0
2659367987929 ,0
2659367987936 ,0
2659367987943 ,0
2659367988414 ,1
2659367988445 ,1
2659367988469 ,0
2659367988896 ,4
2659367991520 ,20
2659367991810 ,6
2659367991827 ,4
2659367999403 ,0
30 ,18
300001 ,0
3000032 ,3
3000114 ,1
300024 ,0
300028 ,2
300034 ,3
300042 ,0
300045 ,-1
300054 ,0
300090 ,2
3002 ,4
3003 ,5
30172071508 ,8
30172080272 ,21
30172080289 ,9
30172372018 ,2
30172830747 ,0
3336020061316 ,0
3336021340212 ,3
3336021371506 ,0
3336021371513 ,1
3336021371520 ,0
3336021371537 ,1
3336021371544 ,0
3336021390705 ,0
3336021390729 ,0
3336021390750 ,0
3336021390781 ,0
3336021463379 ,0
3336022030242 ,0
3336022056228 ,0
3336022063714 ,4
3336022065442 ,2
3336022065459 ,1
3336022067248 ,11
3336022067255 ,12
3336022080001 ,0
3336022120172 ,0
3336022800173 ,3
3336022800180 ,2
3336022800197 ,7
3336022800203 ,6
3336023071763 ,1
3336023071770 ,0
3336023071787 ,0
3336023071800 ,0
3336023071817 ,0
3336023071831 ,0
3336023460192 ,0
3336023460260 ,1
3336023460314 ,0
3336023460505 ,4
3336023521138 ,12
3336023521152 ,31
3336023521169 ,23
3336023521237 ,27
3336023521305 ,0
3336023521312 ,25
3336023521329 ,14
3336023521336 ,23
3336023521350 ,6
3336023521367 ,4
3336023521374 ,6
3336024001561 ,1
3336024234204 ,0
3336024707012 ,0
3336024707104 ,11
3336024707111 ,14
3336024707203 ,0
3336024811238 ,2
3336024827000 ,1
3336024827062 ,0
3336024827116 ,0
3336024827208 ,0
3336024827253 ,0
3336024827376 ,0
3336025040651 ,1
3336025100102 ,5
3336025100119 ,1
3336025100126 ,1
3336025100256 ,0
3336025100263 ,2
3336025100270 ,0
3336025100409 ,0
3336025101703 ,0
3336025101819 ,0
3336025461319 ,0
3336025461418 ,0
3336026040902 ,0
3336026101818 ,0
3336026702602 ,0
3336026702619 ,0
3336026702756 ,2
3336026702763 ,0
3336026702770 ,2
3336027101701 ,2
3336027101817 ,0
3336028234460 ,0
3336029040602 ,0
3336029056221 ,0
3336029056238 ,0
3336029234483 ,0
3336029461414 ,1
3336029961310 ,0
3336029961358 ,0
3336029991317 ,0
3507614811109 ,5
3507614811116 ,10
3507614811208 ,0
350ML,14
35368002151 ,1
35368002212 ,2
35368002540 ,2
35368003042 ,6
35368003097 ,3
35368003608 ,1
35368202155 ,1
35368203046 ,2
35368203091 ,2
35585447025 ,1
3661726000247 ,1
3661726000254 ,1
3661726000261 ,1
3661726000278 ,1
3661726000308 ,1
400001 ,0
400002 ,1
4000498023808 ,0
4002064201337 ,17
4002064201368 ,17
4002064201405 ,8
4002064201580 ,10
4002064205045 ,18
4002064205052 ,11
4002064205069 ,0
4002064205083 ,4
4002064205106 ,2
4002064205113 ,0
4002064205168 ,0
4002064208060 ,47
4002064400167 ,5
4002064400174 ,1
4002064400686 ,0
4002064400693 ,1
4002064400709 ,12
4002064400716 ,12
4002064400723 ,32
4002064400730 ,73
4002064400747 ,36
4002064401065 ,11
4002064401362 ,3
4002064401393 ,0
4002064401423 ,-10
4002064401874 ,2
4002064401881 ,11
4002064402109 ,0
4002064406091 ,17
4002064406268 ,0
4002064406282 ,2
4002064406756 ,5
4002064406763 ,6
4002064406787 ,-8
4002064407005 ,123
4002064407289 ,7
4002064407296 ,3
4002064407364 ,55
4002064407517 ,48
4002064408064 ,4
4002064408804 ,13
4002064409139 ,16
4002064409146 ,0
4002064409436 ,9
4002064412887 ,32
4002064412900 ,0
4002064412917 ,0
4002064412948 ,4
4002064412962 ,0
4002064412979 ,3
4002064413082 ,8
4002064413099 ,432
4002064413105 ,147
4002064413112 ,49
4002064413129 ,38
4002064413143 ,10
4002064413150 ,6
4002064413266 ,311
4002064413273 ,109
4002064414157 ,26
4002064414164 ,25
4002064414171 ,0
4002064414195 ,0
4002064414508 ,44
4002064414515 ,0
4002064414591 ,21
4002064417080 ,10
4002064417127 ,59
4002064417233 ,0
4002064417240 ,0
4002064417370 ,6
4002064417462 ,0
4002064417646 ,28
4002064418261 ,0
4002064418285 ,0
4002064418391 ,32
4002064418407 ,29
4002064418421 ,26
4002064418551 ,19
4002064418568 ,11
4002064418575 ,23
4002064418612 ,0
4002064418629 ,0
4002064418643 ,5
4002064418650 ,12
4002064418667 ,0
4002064418674 ,0
4002064418711 ,1
4002064418735 ,2
4002064418865 ,32
4002064418872 ,27
4002064420387 ,0
4002064420394 ,1
4002064420400 ,0
4002064420448 ,2
4002064420523 ,0
4002064420530 ,0
4002064420615 ,0
4002064421025 ,6
4002064421032 ,10
4002064421124 ,29
4002064421223 ,3
4002064430003 ,15
4002064430010 ,19
4002064430027 ,14
4002064430058 ,0
4002064430065 ,-1
4002064500119 ,0
4002064500126 ,30
4002064500188 ,6
4002064501284 ,0
4002064501307 ,13
4002064501345 ,10
4002064504711 ,1
4002064504728 ,23
4002064504735 ,6
4002064504742 ,4
4002064504766 ,11
4002064504773 ,2
4002064504780 ,0
4002064504797 ,3
4002064504803 ,1
4002064504810 ,8
4002064504827 ,37
4002064504834 ,0
4002064504841 ,175
4002064504858 ,119
4002064505305 ,32
4002064505312 ,0
4002064506050 ,0
4002064506074 ,0
4002064512242 ,0
4002064512259 ,0
4002064512266 ,0
4002064512280 ,2
4002064512297 ,0
4002064512303 ,0
4002064512310 ,0
4002064512327 ,0
4002064513003 ,0
4002064513041 ,3
4002064513065 ,2
4002064514444 ,14
4002064514468 ,0
4002064514482 ,34
4002064514604 ,1
4002064514611 ,0
4002064514628 ,0
4002064514635 ,0
4002064514734 ,1
4002064514741 ,12
4002064514802 ,2
4002064514819 ,12
4002064514826 ,14
4002064514833 ,0
4002064514840 ,5
4002064514857 ,-1
4002064514864 ,0
4002064514871 ,2
4002064514888 ,0
4002064514895 ,0
4002064514901 ,30
4002064541730 ,0
4002064541747 ,0
4002064541754 ,0
4002064541761 ,1
4002064541792 ,1
4002064605111 ,30
4002064605128 ,53
4002064605180 ,0
4002064613505 ,0
4002064617107 ,2
4002064617114 ,1
4002064617121 ,0
4002064617138 ,11
4002064617220 ,0
4002064617251 ,23
4002064618005 ,0
4002064618012 ,0
4002064618074 ,6
4002064618081 ,0
4002064618098 ,0
4002064618104 ,0
4002064618111 ,0
4002064618128 ,7
4002064618135 ,0
4008239103765 ,10
4008239106018 ,1
4008239106025 ,36
4008239106063 ,12
4008239106100 ,-12
4008239110350 ,2
4008239111296 ,59
4008239120038 ,0
4008239121493 ,26
4008239130167 ,16
4008239130259 ,13
4008239133694 ,33
4008239140296 ,25
4008239140319 ,2
4008239140517 ,1
4008239150264 ,51
4008239150653 ,5
4008239155559 ,21
4008239156068 ,0
4008239160799 ,2
4008239160966 ,44
4008239169914 ,0
4008239183217 ,10
4008239201416 ,61
4008239209917 ,0
4008239210036 ,22
4008239210470 ,77
4008239211804 ,99
4008239211941 ,0
4008239211965 ,32
4008239211989 ,32
4008239212245 ,0
4008239212313 ,50
4008239212375 ,30
4008239212382 ,0
4008239212436 ,26
4008239212450 ,56
4008239212542 ,0
4008239212634 ,0
4008239212641 ,0
4008239212788 ,0
4008239212887 ,53
4008239212894 ,55
4008239212900 ,50
4008239212924 ,2
4008239212948 ,52
4008239212962 ,48
4008239214270 ,4
4008239214508 ,0
4008239216403 ,43
4008239216410 ,48
4008239216434 ,45
4008239221025 ,50
4008239221193 ,0
4008239250155 ,6
4008239250438 ,0
4008239250735 ,7
4008239251541 ,8
4008239286161 ,8
4008239286567 ,44
4008239288417 ,0
4008239288431 ,0
4008239288448 ,0
4008239288455 ,0
4008239288462 ,0
4008239290915 ,-1
4008239303806 ,32
4008239307743 ,1
4008239307750 ,0
4008239307774 ,4
4008239307859 ,7
4008239307958 ,2
4008239309587 ,29
4008239310330 ,1
4008239310514 ,2
4008239313713 ,0
4008239313799 ,8
4008239313843 ,23
4008239313850 ,34
4008239343574 ,0
4008239346346 ,3
4008239346445 ,0
4008239346452 ,0
4008239348593 ,11
4012496000002 ,0
4012496000088 ,7
4012496000132 ,10
4012496008336 ,0
4012496008350 ,15
4012496008367 ,1
4012496210425 ,4
4012496220011 ,7
4012496220028 ,10
4012496220035 ,21
4012496220066 ,12
4012496220073 ,9
4012496220097 ,12
4012496220103 ,9
4012496220127 ,8
4012496220233 ,1
4012496220288 ,9
4012496220349 ,23
4015 ,2
4016598460672 ,0
4016598465639 ,0
4016598590805 ,0
4016598590812 ,0
4016598590829 ,0
4016598608661 ,4
4016598649671 ,6
4016598681701 ,2
4016598870501 ,3
4016598885604 ,6
40227070 ,9
40228070 ,22
4022853066961 ,2
4022853075048 ,1
4022853076366 ,1
4022853076601 ,6
4022853076694 ,5
4022853076779 ,3
4022853078100 ,2
4022853078193 ,1
4022853093844 ,2
4022853093851 ,1
4022853104854 ,1
4022853104908 ,3
4022853114037 ,4
4022853119735 ,0
4022853120090 ,3
4022853121868 ,3
4022853122520 ,2
4022853135964 ,7
4022853147912 ,2
4022853148377 ,0
4022853152435 ,1
4022853152633 ,5
4022853157188 ,5
4022853157195 ,11
4022853157270 ,6
4022853164193 ,1
4022853170316 ,4
4022853170323 ,5
4022853170354 ,5
4022853170750 ,2
4022853170767 ,2
4022853174765 ,2
4022853175809 ,2
4022853175854 ,5
4022853176110 ,3
4022853176769 ,1
4022853176806 ,2
4022853176882 ,5
4022853183255 ,5
4022853183262 ,3
4022853183965 ,3
4022853184283 ,4
4022853184290 ,3
4022853184368 ,1
4022853193148 ,5
4022853193421 ,17
4022853193735 ,10
4022853193742 ,3
4022853194299 ,2
4022853194374 ,1
4022853194411 ,1
4022853194442 ,12
4022853194473 ,6
4022853194497 ,6
4022853194640 ,1
4022853194664 ,1
4022853194800 ,1
40229070 ,16
40230070 ,22
41 ,29
4168638060813 ,6
4168638060820 ,32
4168638060837 ,28
4168638060844 ,2
4168638992206 ,5
4168638992213 ,5
4168638992237 ,4
4168638998499 ,12
4168638998529 ,14
431 ,1
4332 ,11
464 ,5
4897030550102 ,1
4897030550140 ,0
4897030550157 ,0
4897030550164 ,2
48970305502100 ,2
4897030550430 ,1
4897030551062 ,4
4897030551086 ,7
48970305521000 ,2
48970305521002 ,0
48970305521500 ,1
4897030552200 ,1
4897030552816 ,0
4897030552946 ,0
4897030552953 ,2
4897030553141 ,0
489703055325 ,0
4897030553325 ,1
4897030553332 ,1
4897030553356 ,2
4897030553370 ,3
4897030553387 ,0
4897030553547 ,1
4897030553561 ,1
4897030553578 ,3
4897030553585 ,0
4897030553639 ,0
4897030553653 ,1
4897030553707 ,7
4897030553714 ,6
4897030553806 ,5
4897030553950 ,3
4897030554018 ,17
4897030554032 ,2
4897030554094 ,21
4897030554124 ,0
4897030554155 ,21
4897030554162 ,27
4897030554230 ,37
4897030554247 ,3
4897030554261 ,30
4897030554292 ,3
4897030554414 ,3
4897030554704 ,13
4897030554735 ,30
4897030554742 ,8
4897030554759 ,9
4897030554766 ,13
4897030554780 ,14
4897030554810 ,16
4897030555022 ,26
4897030555145 ,12
4897030555176 ,5
4897030555244 ,1
4897030555923 ,7
4897030555947 ,5
4897030555954 ,11
4897030556074 ,20
4897030556104 ,26
4897030556159 ,45
4897030556166 ,16
4897030556173 ,2
4897030556197 ,70
4897030556203 ,212
4897030556265 ,9
4897030556340 ,10
4897030556364 ,30
4897030556456 ,24
4897030556470 ,3
4897030556500 ,9
4897030556630 ,30
4897030556661 ,7
4897030556678 ,10
4897030556692 ,13
4897030556715 ,12
4897030556722 ,0
4897030556739 ,30
4897030557057 ,35
4897030557088 ,2
4897030557439 ,10
4897030557750 ,18
4972547524683 ,16
500001 ,2
50000427048 ,0
50000427246 ,1
50000427543 ,0
50000583010 ,-2
500008 ,3
500ML,10
5011569002720 ,1
5011569002782 ,2
5011569008463 ,2
5011569008524 ,2
5011569008548 ,2
5011569110579 ,1
5023556002309 ,2
5023556002330 ,2
5023556341309 ,22
5023556341323 ,21
5023556341330 ,24
5023556341347 ,6
5023556341354 ,33
5023556451015 ,3
5023556451022 ,3
5023556451060 ,2
5023556451701 ,2
5023556454405 ,5
5023556454504 ,0
5023556455204 ,3
5023556455235 ,1
5023556461205 ,6
5023556462059 ,11
5023556462066 ,5
5023556462103 ,12
5023556462110 ,4
5023556462226 ,3
5023556463018 ,5
5023556463032 ,5
5023556463278 ,2
5023556464022 ,15
5023556464053 ,35
5023861000311 ,30
5023861000335 ,28
5023861000403 ,90
5023861000700 ,39
5023861000793 ,39
5023861000809 ,5
5023861111505 ,40
5023861111512 ,5
5023861111628 ,18
5023861111901 ,18
5023861112311 ,5
5023861112335 ,39
5023861114704 ,15
5023861114728 ,13
5023861114766 ,15
5023861114926 ,9
5023861115268 ,7
5023861115282 ,9
5023861115305 ,4
5023861115589 ,14
5023861115862 ,20
5023861115961 ,20
5023861116265 ,20
5023861116418 ,20
5023861116432 ,8
5023861118221 ,0
5023861118238 ,0
5023861118474 ,70
5023861118498 ,40
5023861118511 ,58
5023861118535 ,39
5023861118559 ,8
5023861119310 ,1
5023861119327 ,0
5023861119341 ,0
5023861119921 ,0
5023861119945 ,20
5023861119952 ,0
5023861119976 ,0
5023861120132 ,38
5023861120163 ,38
5023861121016 ,40
5023861121436 ,0
5023861121832 ,12
5023861121924 ,20
5023861122013 ,40
5023861122037 ,30
5023861122051 ,30
5023861122075 ,40
5028804003695 ,11
5028804003701 ,25
5028804101278 ,8
5028804101285 ,17
5028804101353 ,7
5028804101360 ,8
5028804101476 ,11
5028804101483 ,24
5028804101599 ,11
5028804101605 ,3
5028804101612 ,1
5028804740309 ,10
5028804740316 ,5
5028804740323 ,6
5028804840382 ,6
5028804840467 ,3
5034206044617 ,0
5034206044624 ,0
5034206217509 ,0
5034206217516 ,0
5034206217523 ,0
5040010 ,36
5168120400607 ,9
5168120800704 ,15
5168220513054 ,6
5168220621056 ,12
5168330401906 ,34
5350393004105 ,14
5400274256649 ,2
5400274256656 ,0
5400274256892 ,1
5400274256922 ,0
5400274257899 ,5
5400274258964 ,10
5400274260233 ,0
5400274262770 ,1
5400274270034 ,6
5400274287940 ,3
5400274292739 ,3
5400274294023 ,-1
5400274294290 ,0
5400274302179 ,12
5400274302186 ,12
5400274302193 ,7
5400274311065 ,3
5400274314578 ,12
5400274314585 ,23
5400274314608 ,8
5400274314615 ,11
5400274314684 ,12
5400274363149 ,19
5400274363156 ,17
5400274363163 ,17
5400274363170 ,4
5400274363187 ,0
5400274363194 ,15
5400274529194 ,21
5400274531494 ,3
5400274531616 ,0
5400274680987 ,11
5400274707431 ,3
5400274717706 ,0
5400274717720 ,9
5400274722915 ,0
5400274730132 ,5
5400274738022 ,0
5400274750024 ,0
5400274750680 ,0
5400274753711 ,0
5400274811411 ,5
5400274822899 ,0
5400274837442 ,0
5400274897545 ,52
5400274925002 ,3
5400274948889 ,3
5400274948919 ,2
5400274954194 ,6
5400274954965 ,6
5400274954972 ,12
5400274954989 ,6
5400274958529 ,16
5400274959342 ,9
5400274972945 ,0
5400274982036 ,1
5400274984139 ,33
5400274984207 ,43
5400274984245 ,9
5400274984283 ,1
5400274984702 ,20
5400585002140 ,1
5400585004496 ,0
5400585004526 ,0
5400585004557 ,1
5400585004700 ,8
5400585004731 ,17
5400585004762 ,16
5400585004793 ,16
5400585004847 ,7
5400585004861 ,2
5400585005097 ,1
5400585005110 ,3
5400585005684 ,3
5400585005691 ,0
5400585005707 ,2
5400585005714 ,1
5400585005721 ,2
5400585005813 ,0
5400585005929 ,11
5400585006988 ,1
5400585006995 ,1
5400585007008 ,0
5400585008487 ,2
5400585008494 ,4
5400585008746 ,0
5400585009347 ,1
5400585009354 ,1
5400585010138 ,9
5400585010145 ,6
5400585010152 ,5
5400585010169 ,14
5400585010183 ,10
5400585010190 ,11
5400585010206 ,3
5400585010213 ,5
5400585010657 ,0
5400585010671 ,1
5400585010695 ,3
5400585011159 ,1
5400585011418 ,0
5400585012200 ,6
5400585012217 ,4
5400585012224 ,3
5400585012866 ,0
5400585012873 ,3
5400585012880 ,3
5400585012903 ,0
5400585012910 ,1
5400585013528 ,0
5400585013627 ,2
5400585028898 ,22
5400585029291 ,1
5400585032376 ,0
5400585033069 ,0
5400585034554 ,1
5400585034585 ,0
5400585034615 ,0
5400585036473 ,3
5400585036497 ,7
5400585036510 ,2
5400585043037 ,1
5400585043068 ,4
5400585043099 ,0
5400585043129 ,0
5400585043150 ,6
5400585043181 ,2
5400585043211 ,0
5400585045765 ,6
5400585045796 ,4
5400585045826 ,1
5400585046571 ,6
5400585046663 ,1
5400585049060 ,4
5400585049176 ,1
5400585049299 ,4
5400585049480 ,1
5400585050417 ,0
5400585050509 ,6
5400585050806 ,18
5400585051179 ,2
5400585053128 ,0
5400585053210 ,0
5400585053715 ,1
5400585054002 ,0
5400585056433 ,7
5400585056464 ,3
5400585056495 ,3
5400585056525 ,2
5400585056655 ,2
5400585056679 ,3
5400585056693 ,5
5400585056716 ,7
5400585057003 ,0
5400585060140 ,6
5400585063233 ,0
5400585063240 ,1
5400585063257 ,0
5400585063295 ,0
5400585063301 ,2
5400585063318 ,1
5400585063325 ,0
5400585063356 ,0
5400585063370 ,0
5400585065688 ,0
5400585065701 ,2
5400585065725 ,3
5400585065749 ,2
5400585065763 ,3
5400585066999 ,1
5400585067040 ,3
5400585068405 ,0
5400585068467 ,1
5400585068498 ,1
5400585068689 ,7
5400585068924 ,4
5400585073379 ,10
5400585073409 ,5
5400585073430 ,6
5400585073522 ,2
5400585073638 ,3
5400585079432 ,9
5400585082999 ,0
5400585083033 ,2
5400585084313 ,2
5400585087741 ,0
5400585093506 ,0
5400585094343 ,0
5400585094442 ,1
5400585094824 ,0
5400585095012 ,0
5400585095043 ,3
5400585095173 ,0
5400585095203 ,2
5400585095302 ,1
5400585095326 ,1
5400585095456 ,8
5400585095548 ,15
5400585095609 ,20
5400585096033 ,2
5400585096064 ,2
5400585096101 ,3
5400585096163 ,4
5400585098341 ,2
5400585098365 ,1
5400585098402 ,0
5400585100327 ,0
5400585100365 ,0
5400585100402 ,0
5400585100525 ,5
5400585100815 ,1
5400585101164 ,1
5400585101416 ,0
5400585103946 ,0
5400585105049 ,2
5400585106343 ,0
5400585106497 ,0
5400585106626 ,1
5400585106671 ,1
5400585106824 ,1
5400585106855 ,19
5400585106893 ,15
5400585107180 ,14
5400585107357 ,0
5400585107371 ,16
5400585107401 ,12
5400585107432 ,7
5400585107463 ,2
5400585110692 ,0
5400585111187 ,1
5400585111934 ,0
5400585111989 ,0
5400585112214 ,0
5400585112276 ,0
5400585112450 ,1
5400585112467 ,1
5400585112498 ,0
5400585112528 ,2
5400585112542 ,3
5400585112559 ,4
5400585112566 ,1
5400585112573 ,4
5400585112597 ,3
5400585112610 ,5
5400585112689 ,0
5400585112962 ,0
5400585112993 ,1
5400585113013 ,0
5400585113051 ,4
5400585113099 ,2
5400585113129 ,6
5400585113181 ,0
5400585113204 ,0
5400585117059 ,5
5400585117080 ,6
5400585117110 ,3
5400585117257 ,1
5400585117400 ,1
5400585117431 ,3
5410340220122 ,0
5410340220979 ,0
5411290103831 ,0
5411290106795 ,11
5411290106825 ,6
5411290106856 ,6
5411290150927 ,0
5411290155397 ,2
5411290155427 ,4
5411290162029 ,0
5411290162111 ,0
5411290162258 ,0
5411290174534 ,0
5411290178853 ,2
5411290203456 ,0
5411290203517 ,0
5411290215763 ,5
5411290238663 ,1
5411290265553 ,0
5411290277051 ,2
5411290278966 ,0
5411290283823 ,3
5411290283946 ,0
5411290287739 ,1
5411290289320 ,10
5411290313971 ,0
5411290314350 ,1
5411290326285 ,0
5411388002220 ,0
5412087001507 ,4
5412087004218 ,0
5412087008889 ,2
5413500001999 ,1
5413500002088 ,0
5413500002095 ,0
5415245047805 ,11
5415245054308 ,1
5415245055008 ,0
5415245055503 ,0
5415245060804 ,2
5415245084701 ,2
5415245129709 ,7
5415245135403 ,0
5415245149202 ,10
5415245149905 ,4
5415245150000 ,9
5415245151502 ,4
5415245152004 ,1
5415245152509 ,0
5415245152707 ,0
5415245152806 ,10
5415245396705 ,19
5415245397108 ,11
5415245438801 ,3
5415245441801 ,0
5607329012117 ,2
5723998440997 ,1
600001 ,9
600003 ,18
600004 ,1
600014 ,7
600016 ,23
600017 ,4
605 ,6
6215445421271 ,0
6215454621455 ,249
624 ,11
6287005810016 ,1
6287005810030 ,0
6287008500068 ,14
6287008500075 ,25
6287008500105 ,15
6287008500112 ,7
6287008500150 ,0
6287008500181 ,0
6287008500198 ,0
6500201700081 ,6
6500201700210 ,2
6500201700241 ,0
6500201700272 ,2
6500201700357 ,1
6500201700494 ,4
6500201710165 ,13
6500201722793 ,1
6500201726142 ,12
6500201726210 ,2
6500201751670 ,1
6500201751731 ,1
6500201760030 ,1
6500201762621 ,6
6500201767480 ,3
6500201767503 ,3
6500201767718 ,0
6500201778097 ,6
6500201778288 ,0
6500201778301 ,6
6500201790457 ,1
6500201790709 ,6
6500201794479 ,13
671875796871 ,1
671875796888 ,0
671875796918 ,0
67714001914 ,0
67714102000 ,0
67714102017 ,265
67714102024 ,82
67714102031 ,76
67714102048 ,87
67714102062 ,3
67714102109 ,0
67714102116 ,0
67714102147 ,26
67714982046 ,0
67714982053 ,0
67714982084 ,0
67714982138 ,23
67714982145 ,0
67714982152 ,1
67714982190 ,0
67714982206 ,1
67714982213 ,0
67714982268 ,0
67714982336 ,21
67714982343 ,0
67714982350 ,4
67714982367 ,0
67714982411 ,0
67714982442 ,0
67714982503 ,0
67714982534 ,0
67714982541 ,0
67714982565 ,2
67714982572 ,0
67714982633 ,0
67714982671 ,0
67714982718 ,4
67714982725 ,1
67714982732 ,0
67714982749 ,0
67714982756 ,0
67714982800 ,2
67714982817 ,0
67714982848 ,0
67714982855 ,0
67714985924 ,1
67714985948 ,0
67714985955 ,0
685 ,7
686 ,1
687 ,1
6920042805033 ,30
6920840312375 ,0
6920840312382 ,1
6938104040575 ,8
6938104040582 ,6
6938104040605 ,34
6938104040629 ,0
6948915070678 ,0
6948915071682 ,32
6953328795131 ,20
6954722201679 ,5
6954722205851 ,0
6954722205868 ,2
6970569710686 ,12
6970569710983 ,1
6970569711164 ,2
6970569712222 ,2
6970569714530 ,2
6970569717678 ,0
701029000902 ,2
701029001244 ,0
701029001251 ,1
701029001572 ,6
701029002647 ,18
701029007062 ,2
701029007116 ,0
701029007444 ,0
701029007512 ,1
701029007536 ,7
701029007598 ,0
701029007901 ,3
701029007918 ,9
701029007932 ,11
701029007949 ,10
701029101258 ,0
701029101425 ,4
701029101449 ,63
701029101470 ,5
701029101500 ,0
701029101517 ,7
701029101708 ,0
701029101739 ,4
701029101777 ,30
701029101784 ,7
701029101913 ,1
701029101920 ,0
701029103023 ,2
701029103030 ,0
701029103047 ,2
701029103085 ,0
701029103108 ,0
701029103115 ,1
701029103139 ,0
701029103146 ,0
701029107151 ,2
701029107236 ,0
701029107243 ,13
701029107328 ,9
701029107335 ,19
701029107359 ,19
701029108042 ,14
701029108059 ,9
701029108103 ,11
701029108240 ,0
701029108264 ,0
701029108271 ,1
701029108325 ,1
701029108448 ,0
701029108523 ,9
701029108592 ,0
701029108646 ,7
701029108677 ,12
701029108691 ,18
701029120075 ,2
701029121805 ,2
701029121836 ,5
701029130326 ,0
701029131507 ,2
701029131880 ,0
701029150805 ,4
701029157101 ,10
701029157125 ,4
701029157521 ,2
701029157545 ,2
701029157750 ,3
701029157767 ,11
701029157842 ,2
701029158078 ,1
701029158184 ,1
701029158450 ,1
701029158597 ,3
701029160095 ,2
701029160231 ,6
701029160248 ,10
701029160330 ,10
701029160347 ,5
701029160361 ,8
701029160439 ,1
701029160460 ,7
701029160484 ,4
701029161047 ,10
701029161054 ,4
701029162549 ,9
701029210004 ,0
701029210028 ,1
701029210035 ,20
701029210042 ,11
701029210066 ,5
701029210073 ,5
701029210080 ,0
701029210097 ,12
701029210110 ,14
701029210127 ,3
701029210134 ,0
701029210219 ,8
701029210226 ,14
701029210233 ,4
701029210264 ,0
701029210271 ,3
701029210363 ,6
701029210530 ,0
701029210608 ,15
701029210615 ,20
701029210639 ,3
701029210745 ,21
701029210769 ,0
701029210929 ,0
701029211407 ,7
701029211704 ,0
701029211711 ,1
701029211827 ,6
701029211858 ,20
701029211865 ,4
701029211889 ,22
701029211896 ,5
701029211919 ,5
701029211926 ,6
701029211940 ,46
701029212008 ,2
701029212015 ,1
701029212022 ,14
701029212039 ,5
701029212046 ,4
701029212060 ,9
701029212077 ,8
701029212084 ,11
701029212107 ,4
701029212114 ,6
701029212121 ,5
701029212138 ,3
701029212152 ,1
701029212169 ,0
701029212206 ,5
701029212213 ,5
701029213302 ,5
701029213319 ,9
701029213326 ,6
701029222601 ,2
701029222618 ,1
701029230507 ,1
701029230828 ,1
701029231016 ,1
701029231030 ,0
701029310124 ,1
701029310148 ,1
701029310193 ,1
701029310254 ,41
701029310346 ,3
701029310377 ,5
701029310407 ,15
701029310643 ,17
701029377820 ,22
701029377882 ,0
701029377905 ,0
701029378001 ,2
701029378629 ,1
701029378636 ,0
701029378919 ,10
701029378926 ,12
701029555570 ,2
701029555587 ,2
701029555594 ,4
701029555600 ,5
701029575943 ,3
701029575950 ,0
701029576117 ,0
701029576155 ,14
701029576551 ,2
701029810020 ,19
701029810068 ,13
701029810150 ,4
701029810235 ,80
701029810242 ,12
701029810259 ,11
701029820531 ,2
701029821019 ,1
701029821088 ,1
701029821095 ,0
701029821149 ,0
701029821347 ,0
701029821415 ,1
701029822122 ,8
701029822221 ,4
701029822412 ,7
701029822504 ,18
701029822528 ,4
701029822535 ,1
701029823426 ,4
701029823440 ,6
701029823457 ,2
701029824003 ,2
701029824027 ,1
701029824072 ,1
701029824171 ,5
701029825000 ,6
701029825017 ,16
701029825024 ,11
701029825031 ,22
701029825123 ,16
701029825130 ,13
701029825215 ,18
701029825222 ,16
701029825239 ,5
701029825246 ,28
701029825253 ,24
701029825260 ,6
701029825277 ,4
701029825291 ,4
701029825307 ,12
701029825369 ,12
701029825390 ,3
701029825413 ,1
701029825420 ,3
701029825437 ,3
701029825451 ,6
701029825468 ,2
701029825499 ,2
701029825536 ,7
701029826007 ,8
701029826014 ,10
701029826021 ,11
701029826038 ,31
701029826045 ,5
701029827004 ,1
701029827035 ,2
701029827080 ,9
701029827097 ,4
701029827110 ,4
701029827127 ,5
701029827134 ,5
701029827165 ,2
701029827271 ,12
701029829152 ,2
701029829176 ,1
701029829404 ,4
701029829411 ,1
701029829480 ,3
701029829497 ,2
701029829503 ,0
701029829596 ,4
701029829602 ,7
701029829619 ,1
701029829626 ,2
701029831018 ,3
701029831056 ,4
701029832411 ,4
701029832626 ,0
701029903913 ,0
701029905047 ,0
701029905061 ,0
701029905382 ,0
701029905399 ,0
701029905405 ,0
701029907478 ,23
701029908192 ,1
701029908208 ,3
701029908741 ,2
701029910041 ,1
701029910119 ,1
701029910133 ,1
701029910164 ,1
701029910171 ,1
701029910195 ,4
701029910225 ,0
701029910232 ,2
701029910249 ,3
701029910270 ,1
701029910287 ,1
701029910294 ,4
701029930209 ,0
701029930216 ,0
701029930568 ,0
701029930575 ,0
701029930599 ,0
7120 ,5
725 ,0
727 ,0
729849142596 ,1
729849142626 ,2
729849142718 ,2
729849142725 ,3
729849146563 ,1
73091020622 ,32
7531824361426 ,0
75ML,0
7611212462703 ,10
7611212462741 ,1
7707324321448 ,17
780824107924 ,16
780824121005 ,23
780824127359 ,24
784369555547 ,5
784369555554 ,6
786306094065 ,1
786306096045 ,0
786306096380 ,0
786306499051 ,0
7898349700391 ,9
7898349700513 ,1
7898349701732 ,0
7898349701855 ,0
7898349701923 ,0
7898349701961 ,0
800034 ,0
8001254004396 ,0
8001254010052 ,0
8001254010090 ,0
8003507970335 ,1
8005852273017 ,4
8005852617606 ,23
8005852617613 ,4
8005852617620 ,0
8005852617637 ,0
8005852617644 ,17
8005852617668 ,0
8005852667014 ,0
8005852667212 ,0
8005852712530 ,0
8005852712547 ,0
8005852712622 ,4
8005852750129 ,21
8005852750532 ,47
8005852750549 ,79
8005852751041 ,1
8005852751058 ,0
8005852753045 ,9
8005852753076 ,0
8005852753083 ,6
8005856750330 ,4
8006751011847 ,10
8006751025073 ,31
8006751025097 ,7
8006751025103 ,2
8006751025110 ,31
8006751025158 ,2
8006751050761 ,1
8006751057388 ,7
8006751058750 ,9
8006751075818 ,3
8006751094567 ,1
8006751328471 ,8
8006751328488 ,6
8006751328648 ,10
8006751329072 ,2
8006751329324 ,2
8006751329331 ,0
8006751334199 ,0
8006751346918 ,5
8006751346932 ,19
8006751346949 ,12
8006751346956 ,2
8006751347014 ,3
8006751349896 ,5
8006751353015 ,6
8006751353466 ,7
8006751353824 ,2
8006751353848 ,3
8006751353862 ,4
8006751354029 ,1
8006751354722 ,1
8006751355248 ,3
8006751355255 ,23
8006751355354 ,1
8006751355729 ,1
8006751356115 ,1
8006751356337 ,1
8006751356392 ,1
8006751356450 ,1
8006751356658 ,7
8006751356832 ,1
8006751356856 ,1
8006751362666 ,1
8006751364813 ,1
8006751364820 ,1
8006751364837 ,1
8006751366169 ,0
8006751376250 ,3
8006751376687 ,4
8006751388437 ,1
8006751392953 ,0
8006751392960 ,0
8006751392977 ,0
8006751392984 ,0
8006751393073 ,0
8006751393431 ,0
8006751400016 ,5
8006751400023 ,2
8006751401846 ,13
8007633191626 ,0
8009632000787 ,-1
8009632000794 ,0
8009632000824 ,1
8009632007694 ,38
8009632007700 ,54
8009632008615 ,11
8009632008622 ,8
8009632008639 ,9
8009632008646 ,12
8009632008653 ,13
8009632008660 ,7
8009632008677 ,8
8009632008684 ,13
8009632008691 ,10
8009632010984 ,36
8009632011134 ,8
8009632011141 ,19
8009632015866 ,2
8009632015873 ,9
8009632015880 ,15
8009632015897 ,13
8009632015903 ,12
8009632015910 ,2
8009632016276 ,0
8009632020570 ,0
8009632020587 ,2
8009632020594 ,0
8009632022338 ,0
8009632022345 ,0
8009632024448 ,2
8009632024561 ,2
8009632024585 ,14
8009632024837 ,16
8009632024844 ,45
8009632027708 ,5
8009632027906 ,0
8009632029184 ,13
8009632033297 ,5
8009632033303 ,3
8009632033334 ,1
8009632034904 ,1
8009632036540 ,2
8009632036984 ,6
8009632036991 ,26
8009632037004 ,15
8009632037158 ,1
8009632038094 ,0
8009632038643 ,20
8009632038667 ,9
8009632038698 ,10
8009632038711 ,6
8009632038988 ,1
8009632038995 ,0
8009632039183 ,1
8009632039213 ,0
8009632039251 ,25
8009632039268 ,21
8009632039275 ,19
8009632039282 ,0
8009632039299 ,5
8009632039305 ,2
8009632039312 ,18
8009632039350 ,6
8009632039367 ,31
8009632039374 ,14
8009632039381 ,3
8009632039398 ,9
8009632039404 ,23
8009632039411 ,8
8009632039428 ,16
8009632039510 ,0
8009632039695 ,3
8009632039701 ,18
8009632039718 ,32
8009632039756 ,0
8009632039831 ,23
8009632039848 ,19
8009632039855 ,26
8009632039893 ,16
8009632039909 ,8
8009632039916 ,12
8009632039923 ,6
8009632039947 ,13
8009632039954 ,15
8009632039961 ,11
8009632040028 ,16
8009632040066 ,31
8009632040073 ,13
8009632040097 ,10
8009632040103 ,6
8009632040141 ,21
8009632040158 ,14
8009632040196 ,41
8009632040257 ,2
8009632040264 ,7
8009632040271 ,15
8009632040295 ,0
8009632040301 ,8
8009632040318 ,10
8009632040325 ,21
8009632040332 ,20
8009632040349 ,1
8009632040356 ,21
8009632040363 ,21
8009632040370 ,9
8009632040394 ,7
8009632040400 ,8
8009632040417 ,12
8009632040448 ,1
8009632040455 ,0
8009632040479 ,7
8009632040493 ,14
8009632040509 ,13
8009632040516 ,3
8009632040530 ,11
8009632040547 ,7
8009632040554 ,13
8009632040585 ,9
8009632040592 ,13
8009632040608 ,3
8009632040615 ,7
8009632040622 ,4
8009632040639 ,10
8009632040684 ,9
8009632040691 ,2
8009632040707 ,41
8009632040714 ,5
8009632040721 ,12
8009632040745 ,16
8009632040752 ,14
8009632040790 ,3
8009632040806 ,33
8009632040820 ,1
8009632040844 ,16
8009632040851 ,30
8009632040868 ,11
8009632040875 ,19
8009632050072 ,2
8009632050096 ,1
8009632050744 ,9
8009632050904 ,6
8009632050935 ,6
8009632050942 ,6
8009632050959 ,11
8009632051109 ,3
8009632051116 ,6
8009632051123 ,23
8009632051130 ,1
8009632051147 ,6
8009632051154 ,8
8009632051222 ,14
8009632051260 ,6
8009632051277 ,2
8009632051390 ,10
8009632051802 ,0
8009632051840 ,1
8009632051857 ,0
8009632051871 ,2
8009632051888 ,1
8009632051895 ,1
8009632051918 ,4
8009632051925 ,0
8009632052267 ,0
8009632052274 ,0
8009632052281 ,0
8009632052298 ,1
8009632052458 ,1
8009632052809 ,9
8009632053134 ,9
8009632053141 ,12
8009632053158 ,2
8009632053165 ,9
8009632053172 ,9
8009632053196 ,0
8009632053387 ,0
8009632053400 ,1
8009632054148 ,7
8009632054155 ,10
8009632054162 ,8
8009632054186 ,4
8009632054193 ,2
8009632054209 ,14
8009632054223 ,17
8009632054247 ,16
8009632054254 ,19
8009632054261 ,10
8009632054285 ,4
8009632054292 ,7
8009632054308 ,6
8009632054391 ,14
8009632054605 ,11
8009632054612 ,17
8009632054643 ,10
8009632054681 ,52
8009632054704 ,18
8009632054711 ,13
8009632054728 ,5
8009632054759 ,3
8009632054766 ,1
8009632054773 ,8
8009632055305 ,0
8009632055527 ,0
8009632055534 ,0
8009632055626 ,6
8009632055633 ,15
8009632055640 ,0
8009632055657 ,1
8009632055664 ,0
8009632055671 ,0
8009632055688 ,0
8009632055701 ,0
8009632055893 ,1
8009632055992 ,1
8009632056135 ,0
8009632056142 ,0
8009632056166 ,1
8009632056432 ,0
8010690006376 ,6
8010690013978 ,0
8010690013985 ,0
8010690013992 ,0
8010690014111 ,0
8010690023175 ,35
8010690023182 ,1
8010690023199 ,5
8010690023212 ,1
8010690023236 ,2
8010690023274 ,2
8010690029290 ,2
8010690030036 ,1
8010690030883 ,1
8010690034027 ,1
8010690034256 ,3
8010690047805 ,1
8010690048024 ,1
8010690050584 ,8
8010690051857 ,3
8010690055787 ,1
8010690064581 ,1
8010690064987 ,1
8010690065250 ,4
8010690065267 ,0
8010690065632 ,9
8010690065823 ,42
8010690065953 ,7
8010690066004 ,5
8010690066028 ,20
8010690067063 ,1
8010690067117 ,9
8010690072234 ,0
8010690078854 ,20
8010690079226 ,4
8010690079592 ,0
8010690088297 ,7
8010690088365 ,1
8010690088440 ,3
8010690088457 ,4
8010690088587 ,0
8010690088969 ,17
8010690088983 ,6
8010690093550 ,6
8010690093604 ,6
8010690094274 ,0
8010690094915 ,1
8010690095073 ,3
8010690097077 ,1
8010690097237 ,2
8010690097244 ,3
8010690098678 ,1
8010690098685 ,1
8010690101613 ,3
8010690105161 ,0
8010690105895 ,1
8010690108377 ,1
8010690108384 ,1
8010690110417 ,3
8010690112381 ,4
8010690114408 ,1
8010690115092 ,13
8010690118055 ,1
8010690125183 ,1
8010690125206 ,2
8010690125336 ,1
8010690130149 ,0
8010690144443 ,5
8010690144450 ,3
8010690144535 ,0
8010690149233 ,1
8010690149240 ,2
8010690159553 ,2
8010690162195 ,3
8010690162355 ,2
8010690164045 ,4
8010690164281 ,2
8010690164687 ,1
8010690165141 ,2
8010690165158 ,2
8010690165165 ,6
8011 ,2
8015912502865 ,20
8015912503077 ,3
8015912503084 ,0
8015912503091 ,-2
8015912503107 ,0
8015912503114 ,0
8015912503121 ,0
8015912503138 ,3
8015912503145 ,3
8015912503152 ,4
8015912503169 ,0
8015912503176 ,2
8015912503183 ,0
8015912503190 ,0
8015912503206 ,-1
8015912503213 ,9
8015912503220 ,2
8015912503237 ,-3
8015912503244 ,-2
8015912503251 ,0
8015912503268 ,1
8015912503398 ,5
8015912503404 ,-6
8015912503428 ,-1
8015912503633 ,8
8015912503695 ,3
8015912504050 ,3
8015912504074 ,31
8015912504104 ,36
8015912504159 ,0
8015912504173 ,1
8015912504180 ,-100
8015912504319 ,-3
8015912504333 ,3
8015912504357 ,4
8015912504401 ,0
8015912504418 ,0
8015912504425 ,0
8015912504432 ,0
8015912504449 ,0
8015912504456 ,0
8015912504470 ,1
8015912504548 ,-2
8015912504579 ,1
8015912504593 ,11
8015912504623 ,47
8015912504630 ,24
8015912504654 ,57
8015912504661 ,4
8015912504678 ,36
8015912505255 ,0
8015912505262 ,0
8015912505637 ,0
8015912505644 ,0
8015912505651 ,0
8015912505668 ,1
8015912505743 ,0
8015912505750 ,0
8015912505767 ,2
8015912505835 ,38
8015912505842 ,78
8015912505859 ,90
8015912505866 ,85
8015912506047 ,0
8015912506078 ,1
8015912506085 ,4
8015912506092 ,6
8015912506108 ,2
8015912506115 ,44
8015912506122 ,45
8015912506139 ,8
8015912506672 ,35
8015912506740 ,54
8015912506757 ,1
8015912506764 ,0
8015912507365 ,0
8015912507396 ,24
8015912507402 ,55
8015912507419 ,48
8015912507426 ,69
8015912507433 ,59
8015912507440 ,0
8015912508041 ,109
8015912508058 ,42
8015912509031 ,14
8015912509048 ,2
8015912509055 ,16
8015912509178 ,1
8015912509239 ,30
8018084042009 ,1
8018084052664 ,5
8022967012850 ,0
8022967022521 ,0
8022967023474 ,0
8022967032025 ,1
8022967038980 ,0
8022967039246 ,0
8022967039499 ,5
8022967040594 ,0
8022967040747 ,0
8022967045070 ,0
8022967049030 ,0
8022967049047 ,0
8022967052290 ,1
8022967062084 ,4
8023222000391 ,17
8023222001930 ,1
8023222002821 ,1
8023222002852 ,0
8023222002890 ,0
8023222002906 ,6
8023222002913 ,5
8023222008748 ,0
8023222008779 ,1
8023222008816 ,1
8023222008854 ,1
8023222008861 ,1
8023222012752 ,3
8023222012769 ,1
8023222013025 ,0
8023222013032 ,11
8023222013070 ,13
8023222013483 ,7
8023222013490 ,21
8023222013513 ,1
8023222013544 ,7
8023222013797 ,0
8023222014114 ,14
8023222014206 ,11
8023222014244 ,9
8023222014282 ,4
8023222014350 ,7
8023222014367 ,11
8023222014398 ,0
8023222015364 ,9
8023222019751 ,4
8023222022645 ,1
80232220242744 ,2
8023222024403 ,2
8023222024496 ,2
8023222026674 ,2
8023222027572 ,2
8023222027763 ,5
8023222027770 ,9
8023222027787 ,10
8023222028623 ,50
8023222028630 ,51
8023222028647 ,56
8023222028654 ,7
8023222028708 ,33
8023222030596 ,13
8023222031951 ,20
8023222031968 ,5
8023222031999 ,2
8023222032736 ,1
8023222032750 ,13
8023222032767 ,4
8023222035683 ,4
8023222038837 ,32
8023222042100 ,0
8023222050242 ,83
8023222050341 ,6
8023222051478 ,15
8023222052659 ,2
8023222052673 ,3
8023222052710 ,2
8023222052765 ,3
8023222052772 ,2
8023222052789 ,5
8023222052796 ,0
8023222052826 ,3
8023222053847 ,1
8023222053953 ,9
8023222053960 ,13
8023222056428 ,1
8023222056466 ,2
8023222056596 ,1
8023222056602 ,2
8023222060890 ,2
8023222061033 ,31
8023222061699 ,6
8023222061866 ,6
8023222063259 ,5
8023222063266 ,1
8023222063716 ,2
8023222063778 ,0
8023222063792 ,0
8023222064386 ,1
8023222064416 ,3
8023222064713 ,19
8023222073784 ,17
8023222078178 ,8
8023222078246 ,13
8023222078499 ,3
8023222078567 ,3
8023222078833 ,4
8023222078840 ,4
8023222078857 ,4
8023222078864 ,5
8023222078871 ,4
8023222078888 ,4
8023222078895 ,4
8023222078901 ,4
8023222081284 ,6
8023222084797 ,0
8023222084896 ,32
8023222090019 ,9
8023222092716 ,0
8023222092723 ,1
8023222092730 ,0
8023222094093 ,7
8023222094178 ,10
8023222094192 ,8
8023222094208 ,8
8023222105386 ,1
8023222105393 ,2
8023222106673 ,8
8023222111721 ,6
8023222113459 ,2
8023222113831 ,9
8023222113848 ,10
8023222113855 ,8
8023222114579 ,3
8023222114623 ,1
8023222114753 ,9
8023222114760 ,12
8023222115361 ,6
8023222116047 ,2
8023222116054 ,2
8023222116139 ,1
8023222116313 ,0
8023222119703 ,4
8023222121690 ,4
8023222121768 ,8
8023222121799 ,2
8023222121881 ,1
8023222121904 ,2
8023222121911 ,1
8023222121928 ,2
8023222124301 ,11
8023222125728 ,19
8023222125735 ,4
8023222125872 ,1
8023222126299 ,0
8023222126633 ,13
8023222126954 ,2
8023222127500 ,22
8023222127517 ,8
8023222128132 ,4
8023222129870 ,1
8023222129955 ,5
8023222136847 ,5
8023222137455 ,0
8023222137462 ,0
8023222137776 ,2
8023222139732 ,6
8023222139749 ,10
8023222139756 ,13
8023222139763 ,3
8023222140288 ,6
8023222140486 ,9
8023222140684 ,6
8023222140691 ,1
8023222141698 ,2
8023222141711 ,0
8023222141827 ,0
8023222141872 ,0
8023222142107 ,4
8023222142114 ,1
8023222142947 ,19
8023222142961 ,21
8023222143173 ,0
8023222143302 ,0
8023222143357 ,1
8023222144392 ,7
8023222145139 ,0
8023222145719 ,0
8023222153516 ,1
8023222156104 ,14
8023222157101 ,6
8023222157484 ,6
8023222157712 ,9
8023222157804 ,1
8023222157859 ,11
8023222158047 ,0
8023222158061 ,3
8023222159013 ,12
8023222159099 ,8
8023222159518 ,1
8023222161276 ,3
8023222161290 ,1
8023222161320 ,2
8023222162235 ,2
8023222162570 ,0
8023222162600 ,4
8023222162617 ,0
8023222162624 ,0
8023222162648 ,0
8023222162662 ,4
8023222165755 ,1
8023222166622 ,0
8023222167681 ,1
8023222167902 ,7
8023222168084 ,1
8023222168091 ,2
8023222168510 ,1
8023222168794 ,1
8023222170148 ,2
8023222170506 ,6
8023222170551 ,9
8023222173170 ,2
8023222173323 ,1
8023222173774 ,0
8023222174009 ,3
8023222174047 ,1
8023222175228 ,3
8023222180239 ,5
8023222180246 ,7
8023222180888 ,1
8023222180925 ,1
8023222180932 ,10
8023222180949 ,5
8023222181229 ,0
8023222181366 ,0
8023222181946 ,0
8023222181977 ,2
8023222182059 ,2
8023222182141 ,0
8023222182318 ,1
8023222184169 ,0
8023222184176 ,1
8023222184183 ,0
8023222184206 ,0
8023222184213 ,0
8023222186996 ,3
8023222187016 ,0
8023222187047 ,0
8023222187061 ,5
8023222203600 ,0
8023222203617 ,5
8031398000817 ,0
8031398000831 ,3
8031398000855 ,0
8031398123585 ,0
8031398124025 ,8
8031398127668 ,0
8031398127675 ,0
8031398128542 ,0
8031398128566 ,1
8033776760191 ,0
8033776760207 ,0
8033776760214 ,1
8033776760689 ,0
8033776760818 ,19
8033776762003 ,0
8033776762010 ,0
8033776762058 ,0
8033776765080 ,0
8033776766780 ,1
8033776768531 ,2
8033776768937 ,1
8033776768944 ,1
80520 ,1
8055960250028 ,5
8055960250080 ,1
8055960250165 ,1
8055960250233 ,1
8055960250301 ,2
8055960250387 ,3
8055960250394 ,2
8055960250400 ,1
8055960250417 ,1
8055960250486 ,4
8055960250509 ,1
8055960250523 ,2
8055960250530 ,2
8055960250554 ,2
8055960250561 ,5
8055960250578 ,3
8055960250585 ,5
8055960250592 ,5
8055960250608 ,5
8055960250615 ,5
8055960250622 ,4
8055960250639 ,5
8055960250646 ,5
8055960250653 ,5
8055960250677 ,0
8055960250790 ,1
8055960250806 ,1
8055960250813 ,1
8055960250820 ,1
8055960250844 ,4
8055960250899 ,5
8055960250950 ,2
8055960251247 ,4
8055960251261 ,3
8055960251292 ,5
8055960251315 ,5
8055960251322 ,4
8055960251377 ,4
8055960251391 ,4
8055960251407 ,10
8055960251445 ,10
8055960251452 ,5
8055960251568 ,4
8055960251575 ,2
8055960251612 ,4
8055960251629 ,3
8055960251674 ,5
8055960251773 ,5
8055960254194 ,2
8055960254354 ,2
8055960254422 ,3
8055960254439 ,5
8055960254446 ,5
8055960254453 ,5
8055960254460 ,5
8055960254484 ,5
8055960254491 ,5
8055960254507 ,5
8055960254514 ,5
8055960254521 ,5
8055960254538 ,2
8055960254545 ,2
8055960254576 ,2
8055960254606 ,2
8055960254644 ,1
8055960254682 ,2
8055960254781 ,5
8055960256358 ,5
8055960256396 ,1
8055960256402 ,1
8055960256426 ,5
8055960257300 ,3
8055960257348 ,5
8055960257379 ,5
8055960257386 ,5
8055960257393 ,5
8055960257409 ,5
8055960257416 ,5
8055960257423 ,5
8055960257430 ,5
8055960257447 ,4
8055960257454 ,5
8055960257461 ,4
8055960257478 ,5
8055960257485 ,5
8055960257492 ,5
8055960257508 ,5
8055960257515 ,4
8055960257522 ,5
8055960257539 ,5
8055960257546 ,5
8055960257782 ,5
8055960257829 ,5
8055960257843 ,5
8055960257867 ,4
8055960257904 ,4
8055960257928 ,5
8055960257959 ,1
8055960258031 ,5
8055960258048 ,3
8055960258185 ,1
8055960258505 ,2
8055960258529 ,2
8055960258536 ,2
8055960258543 ,2
8055960258550 ,2
8055960258598 ,4
8055960259458 ,5
8055960259526 ,1
8055960259533 ,5
8055960259540 ,5
8055960259557 ,3
8055960259571 ,5
8055960259632 ,5
8055960259649 ,5
8055960259663 ,5
8055960259670 ,4
8055960259700 ,1
8055960259793 ,2
8055960259953 ,5
8055960259977 ,5
8055960259984 ,3
8058093270208 ,1
8058093270215 ,2
8058093271991 ,0
8058093272653 ,0
8058093272660 ,0
8058093272677 ,1
8058093272868 ,0
8058093273162 ,2
8058093273346 ,8
8058773270733 ,5
8058773270818 ,2
8058773270825 ,5
8058773270863 ,5
8058773270870 ,2
8058773270900 ,2
8058773270917 ,2
8058773270962 ,1
8058773271624 ,4
8058773271631 ,4
8058773271648 ,5
8058773271655 ,5
8058773271730 ,2
8058773271747 ,5
8058773271754 ,4
8058773271761 ,5
8058773272003 ,5
8058773272010 ,5
8058773272027 ,3
8058773272034 ,2
8058773272041 ,5
8058773272058 ,4
8058773272065 ,1
8058773272072 ,3
8058773272218 ,5
8058773272225 ,3
8058773272232 ,5
8058773272249 ,4
8058773272256 ,4
8058773272263 ,5
8058773272270 ,5
8058773272287 ,5
8058773272300 ,5
8058773272317 ,5
8058773272324 ,5
8058773272331 ,4
8058773272348 ,3
8058773272355 ,2
8058773272362 ,5
8058773272379 ,5
8058773272386 ,5
8058773272393 ,4
8058773272409 ,5
8058773272423 ,4
8058773272454 ,3
8058773273697 ,5
8058773273703 ,5
8058773273710 ,5
8058773273727 ,5
8058773273741 ,5
8058773273758 ,5
8058773273789 ,4
8058773273819 ,3
8058773274229 ,0
8058773274236 ,3
8058773274243 ,0
8058773274250 ,4
8058773274267 ,4
8058773274274 ,5
8058773274281 ,5
8058773274298 ,5
8058773274304 ,5
8058773274311 ,5
8058773274328 ,5
8058773274335 ,5
8058773274342 ,5
8058773274359 ,5
8058773274366 ,4
8058773274373 ,5
8058773274380 ,5
8058773274397 ,5
8058773274403 ,2
8058773274410 ,4
8058773274427 ,4
8058773274441 ,5
8058773274465 ,5
8058773274489 ,5
8058773274519 ,1
8058773274618 ,1
8058773274625 ,1
8058773274816 ,1
8058773274823 ,1
8058773274830 ,1
8058773274915 ,0
8058773274922 ,1
8058773274946 ,0
8058773274984 ,1
8058773274991 ,0
8058773275004 ,1
8058773275011 ,1
8058773275028 ,0
8058773275035 ,1
8058773275134 ,0
8058773275141 ,1
8058773275158 ,1
8058773275165 ,1
8058773275172 ,1
8058773275189 ,1
8058773275196 ,1
8058773275202 ,1
8058773275219 ,1
8058773275226 ,1
8058773275233 ,1
8058773275240 ,0
8058773275257 ,1
8058773275264 ,1
8058773275271 ,1
8058773275288 ,1
8058773275295 ,1
8058773275301 ,1
8058773275318 ,1
8058773275325 ,1
8058773275332 ,1
8058773275349 ,1
8058773275356 ,1
8058773275363 ,1
8058773275370 ,1
8058773275479 ,0
8058773275486 ,1
8058773275493 ,1
8058773275509 ,0
8058773275516 ,0
8058773275523 ,0
8058773275530 ,1
8058773275547 ,1
8058773275684 ,0
8058773275691 ,0
8058773275707 ,0
8058773275714 ,1
8058773275721 ,1
8058773275776 ,1
8058773275783 ,1
8058773275790 ,1
8058773275806 ,1
8058773276155 ,1
8058773276162 ,0
8058773276179 ,1
8058773276186 ,1
8058773276193 ,1
8058773276209 ,1
8058773276384 ,0
8058773276445 ,0
8058773276483 ,0
8058773276490 ,0
8058773276520 ,0
8058773276537 ,1
8058773276605 ,1
8058773276612 ,1
8058773276629 ,1
8058773276636 ,1
8058773276643 ,1
8058773276650 ,1
8058773276667 ,1
8058773276674 ,1
8058773276681 ,1
8058773276698 ,1
8058773276704 ,1
8058773276711 ,1
8058773276728 ,1
8058773276735 ,1
8058773276742 ,0
8058773277107 ,1
8058773277121 ,0
8058773277138 ,1
8058773277145 ,0
8058773277176 ,0
8058773277336 ,1
8058773277343 ,1
8058773277350 ,1
8058773277381 ,1
8058773277398 ,1
8058773277404 ,1
8058773277466 ,1
8058773277473 ,1
8058773277503 ,2
8058773277572 ,1
8058773277589 ,1
8058773277657 ,0
8058773277671 ,0
8058773277718 ,1
8058773277763 ,1
8058773277879 ,1
8058773278036 ,0
8058773278050 ,1
8058773278067 ,0
8168638040095 ,15
818628021853 ,2
8411514803643 ,5
8411514805234 ,11
8411514805302 ,6
8414580000169 ,16
8414580000527 ,9
8414580000558 ,0
8414580002989 ,0
8414580004693 ,0
8414580004723 ,4
8414580005225 ,0
8414580005348 ,0
8414580008967 ,24
8429886000300 ,0
8429886000317 ,1
8429886000324 ,2
8429886000447 ,1
8429886000461 ,0
8429886000607 ,2
8429886000676 ,1
8429886001000 ,1
8429886001017 ,2
8429886001284 ,22
8429886001529 ,4
8429886001567 ,3
8429886002106 ,3
8429886002229 ,1
8429886008191 ,2
8429886008290 ,5
8429886008313 ,1
8429886008344 ,2
8429886008351 ,3
8429886008375 ,0
8429886008382 ,1
8429886008399 ,2
8429886008405 ,3
8429886008801 ,24
8429886008832 ,1
8429886008900 ,1
8429886019531 ,9
8429886019562 ,2
8429886019579 ,1
8429886019593 ,8
8429886019609 ,4
8429886020100 ,1
8429886020216 ,6
8429886020230 ,4
8429886020285 ,3
8429886020292 ,1
8429886020490 ,4
8429886020513 ,3
8429886020520 ,3
8429886020605 ,2
8429886020629 ,0
8429886020643 ,2
8429886020681 ,3
8429886021701 ,4
8429886021718 ,1
8429886021961 ,5
8429886021978 ,4
8429886022463 ,1
8429886022470 ,1
8429886022517 ,3
8429886022524 ,3
8429886022531 ,1
8429886022593 ,3
8429886022609 ,4
8429886022616 ,1
8429886022623 ,0
8429886022937 ,6
8429886022944 ,2
8429886022951 ,1
8429886022968 ,5
8429886023415 ,3
8429886024467 ,18
8429886024474 ,16
8429886024597 ,2
8429886024603 ,3
8429886024627 ,5
8429886024658 ,1
8429886024672 ,2
8429886024696 ,1
8429886024702 ,1
8429886024771 ,5
8429886024948 ,1
8429886024955 ,1
8429886024962 ,0
8429886024993 ,2
8429886025013 ,0
8429886025020 ,1
8429886025037 ,1
8429886025044 ,1
8429886025075 ,2
8429886025181 ,1
843775107037 ,1
843775107068 ,1
843775107099 ,1
843775107570 ,1
843775107587 ,1
843775107617 ,1
843775107624 ,1
843775107655 ,1
843775107662 ,1
843775107679 ,1
843775107686 ,1
843775107945 ,1
843775107952 ,1
843775107976 ,1
843775107983 ,1
843775108027 ,1
843775108058 ,1
843775108171 ,1
843775108188 ,1
843775108294 ,1
843775108447 ,1
856211005033 ,0
856211005040 ,0
856211005057 ,29
856211005071 ,23
856211005101 ,33
856211005118 ,32
8698995010511 ,0
8698995010573 ,8
8711231101467 ,9
8711231101474 ,6
8711231103324 ,3
8711231109029 ,1
8711231109111 ,13
8711231112852 ,0
8711231115327 ,0
8711231135608 ,6
8711231150380 ,7
8711908290005 ,-1
8711908291002 ,0
8711908292009 ,0
8711908298001 ,0
8711908298100 ,0
8711908298209 ,0
8713864000674 ,0
8713864000742 ,8
8852084172836 ,23
8852084172843 ,28
8852084172850 ,12
8852084172867 ,45
8852084172898 ,37
8852084172904 ,4
8852084173239 ,26
8852084173253 ,11
8852084173260 ,20
8852084173277 ,28
8855648008107 ,37
8855648008121 ,23
8855648008138 ,36
8855648008145 ,35
8855648008152 ,34
898104002187 ,4
900003 ,0
900006 ,0
9000092 ,1
900011 ,9
900013 ,5
900014 ,-1
900015 ,2
900023 ,0
900024 ,4
900025 ,23
900031 ,6
900034 ,10
900038 ,3
900083 ,3
9168920005671 ,5
9555671409257 ,3
98364 ,1
98371 ,3
98372 ,3
98373 ,3
A105,8
A200ML,3
A25,1
A308G,3
A330G,0
AA20,18
AA2500N,1
AA4000,4
AQR108,2
AX15-017-G,0
AX15-017-MG,0
AX15-017-W,0
B19G,22
BC22,0
BC23,1
BR-03,2
HJ401-6,9
JMA0028,1
JMA0029,1
JME0079,21
JME0094,22
P516,17
P517,19
P528,10
P535,7
P553,8
P573,2
P577,2
P577-A,6
P577-B,13
P578,8
P579,14
P580,8
P581,16
P582,14
P583,6
P603,9
P615,5
P624,1
P627,31
P645,30
P654,3
P684,0
P686,15
P717,2
P718,20
P719,12
P720,4
P721,17
P722,8
P723,0
P724,9
P811-1,7
P812-1,6
P813,4
P814-1,7
P849,10
P852,25
P871-A,12
P885,12
P888,6
P889,1
P907-A,6
P907-B,2
SB1600,22
SWA0230,2
SWA0232,1
SWA0259,1
SWA0499,1
SWA0701,4
SWA0704,11
SWA0705,1
SWA0710,1
SWA0711,1
SWA0720,9
SWA0722,10
SWA0723,7
SWALC0471,1
SWALC0473,1
SWALC0474,0
SWALC0476,1
SWALC0480,7
SWALC0489,3
SWALC0495,5
SWALC0497,4
SWD0044,2
SWE0015,30
SWE0024,35
U46310,4
XF20204B,2
XF50301A,21
XF50301B,23
XF50301C,10
XF50301D,9
XF50303B,12
XF50303C,6
XF50303D,22
XF50304A,13
XF50304B,18
XF50304C,9
XF50304D,22
XF50313,9
XF50314,2
XF50315,17
XF50322,3
XF50323,7
XF50329,3
XF60301C,16
XF60302,36
ZER1,6
ZER2,2
ZER3,0