0 ,6
000027,53
0000R1,4
0000R2,3
0000R3,7
0000R6,1
00035Y,7
0004,4
000C7,3
000M03,8
000P2,1
000P2-2,2
000R51,1
000V2,2
00272B,1
00330G,0
00350G,8
00440,19
00441,9
00480,2
00480G,0
00600,0
00660,3
00685A,18
007B,6
00830A,0
00904,2
00931B,0
00A002,15
00A004,19
00A20,2
00A22,1
00A24,2
00A300,20
00A309,0
00A31,1
00A52,1
00A56,1
00B1,4
00HA104,8
00V4,4
0134,2
067714102222,20
067714102239,7
067714102253,4
067714102284,11
067714102291,8
067714102307,28
067714102321,10
067714102338,12
067714102345,22
067714102383,10
067714102413,10
067714102420,10
067714102451,12
067714102468,8
067714102499,11
067714102505,28
067714102536,40
067714102543,22
067714102550,30
067714102567,24
067714102598,1
067714102604,17
067714102611,30
067714102628,19
067714102635,24
067714102703,69
067714102710,24
067714102727,1
067714102734,24
067714102741,3
067714102758,29
067714102765,8
067714102772,33
067714102789,6
067714102819,103
067714102826,10
067714102833,108
067714102840,13
074,3
097612361001,11
100102 ,65
100103 ,6
100107 ,20
100112 ,3
10101 ,5882
10102 ,2501
10103 ,1621
10104 ,0
10105 ,0
103 ,13
104 ,20
106 ,7
10838200787 ,3
10838200800 ,3
1168630410602 ,12
1168630512092 ,6
1168630612242 ,7
1168630712096 ,0
1168638420078 ,15
1168638421907 ,11
1168638899591 ,17
1168638920066 ,2
1168638998690 ,43
1168638998799 ,35
1168638998904 ,22
1168638998997 ,5
1168920709058 ,3
121 ,2
122 ,2
1230 ,2
125ML,10
126 ,0
128 ,1
129 ,0
12F1166,2
130 ,0
131 ,6
133 ,1
14 ,56
150017 ,0
15561171823 ,2
15561171830 ,0
17 ,11
1722612020120 ,5
1723612020127 ,4
18 ,101
180ML,18
1825 ,0
1C2012,0
1C2106,2
1C2107,1
1C2206,0
1C2208,0
1C2211,6
1C2213,8
1C2215,27
1C2302,0
1C2303,0
200002 ,70
2168630326360 ,4
2168630347600 ,6
2168638051271 ,6
2168638092717 ,3
23 ,12
24 ,0
25 ,5
250ML,10
2659362131525 ,1
2659362131532 ,1
2659362464418 ,32
2659362464425 ,1
2659362464432 ,0
2659362464449 ,58
2659362464517 ,0
2659362464524 ,5
2659362465019 ,0
2659362465026 ,8
2659362465118 ,98
2659362465125 ,67
2659362465132 ,29
2659362465149 ,112
2659362465316 ,4
2659362465323 ,0
2659362465330 ,61
2659362465347 ,21
2659362465729 ,43
2659362465736 ,82
2659362541379 ,15
2659362689873 ,9
2659364312823 ,3
2659367107068 ,15
2659367136013 ,44
2659367141116 ,46
2659367141123 ,15
2659367141130 ,9
2659367141147 ,1
2659367141413 ,38
2659367141420 ,10
2659367207065 ,5
2659367221207 ,4
2659367230711 ,14
2659367230728 ,25
2659367236034 ,6
2659367236041 ,29
2659367242196 ,67
2659367242516 ,83
2659367242561 ,185
2659367242592 ,35
2659367242653 ,216
2659367246545 ,18
2659367252249 ,9
2659367260336 ,19
2659367261937 ,0
2659367267205 ,0
2659367267526 ,2
2659367267564 ,12
2659367267588 ,3
2659367267595 ,1
2659367267649 ,1
2659367267663 ,4
2659367267670 ,23
2659367267731 ,2
2659367267755 ,0
2659367267762 ,0
2659367267779 ,20
2659367267786 ,54
2659367267793 ,0
2659367267809 ,14
2659367267816 ,14
2659367267823 ,8
2659367267830 ,19
2659367267847 ,39
2659367267854 ,17
2659367267861 ,16
2659367267885 ,13
2659367267908 ,1
2659367267922 ,22
2659367267939 ,0
2659367267946 ,20
2659367267977 ,11
2659367275026 ,21
2659367275521 ,0
2659367344210 ,21
2659367344227 ,5
2659367344241 ,2
2659367344715 ,34
2659367431545 ,0
2659367504911 ,2
2659367683722 ,27
2659367706087 ,46
2659367706339 ,0
2659367714136 ,37
2659367718790 ,28
2659367718813 ,9
2659367723138 ,18
2659367730563 ,2
2659367731515 ,23
2659367734189 ,10
2659367734448 ,1
2659367736077 ,9
2659367740333 ,6
2659367753845 ,84
2659367756198 ,0
2659367756846 ,9
2659367770866 ,2
2659367771528 ,4
2659367774635 ,113
2659367792158 ,1
2659367799744 ,13
2659367799751 ,11
2659367800051 ,6
2659367803434 ,0
2659367821285 ,4
2659367823319 ,48
2659367823357 ,59
2659367824279 ,19
2659367824361 ,12
2659367824378 ,26
2659367824385 ,29
2659367824392 ,21
2659367824422 ,22
2659367824446 ,49
2659367824453 ,40
2659367825085 ,75
2659367985055 ,2
2659367985062 ,2
2659367985079 ,5
2659367985093 ,2
2659367985475 ,0
2659367985499 ,0
2659367985864 ,0
2659367986274 ,0
2659367986298 ,0
2659367986359 ,1
2659367986380 ,3
2659367986397 ,1
2659367986434 ,3
2659367986540 ,3
2659367986830 ,0
2659367986847 ,0
2659367987929 ,4
2659367987950 ,1
2659367988414 ,5
2659367988445 ,0
2659367988469 ,0
2659367988896 ,3
2659367991520 ,3
2659367991810 ,9
2659367991827 ,12
2659367998963 ,6
2659367999403 ,25
28 ,34
30 ,30
3000003 ,1
300001 ,0
300002 ,1
3000032 ,1
300014 ,2
300020 ,2
300021 ,0
300023 ,0
300024 ,1
300028 ,1
300031 ,3
300034 ,2
300039 ,0
300045 ,1
300054 ,0
3002 ,3
3003 ,3
30172029950 ,5
30172029967 ,5
30172071508 ,0
30172080272 ,7
30172080289 ,8
30172372018 ,0
30172830747 ,0
317163001288 ,0
3182550702201 ,9
3182550702225 ,1
3182550702317 ,17
3182550702331 ,5
3182550702423 ,0
3182550702447 ,0
3182550702614 ,8
3182550704533 ,0
3182550707312 ,4
3182550707329 ,0
3182550721738 ,1
3182550721745 ,1
3182550842938 ,10
3336021211000 ,50
3336021340465 ,5
3336021371506 ,1
3336021371513 ,0
3336021371520 ,0
3336021371537 ,0
3336021371544 ,0
3336021390712 ,-1
3336021390750 ,0
3336022030242 ,0
3336022056228 ,0
3336022063714 ,4
3336022065442 ,1
3336022065459 ,1
3336022067248 ,7
3336022067255 ,7
3336022080001 ,22
3336022120172 ,1
3336022800173 ,1
3336022800180 ,3
3336022800197 ,7
3336022800203 ,10
3336023460505 ,0
3336023521138 ,0
3336023521152 ,6
3336023521169 ,15
3336023521237 ,5
3336023521305 ,0
3336023521312 ,0
3336023521329 ,1
3336023521336 ,0
3336023521343 ,3
3336023521367 ,8
3336023521374 ,2
3336024001561 ,1
3336024234204 ,0
3336024707012 ,5
3336024707104 ,0
3336024707111 ,1
3336024707203 ,3
3336024811238 ,0
3336024827000 ,0
3336024827116 ,0
3336024827208 ,0
3336024827253 ,0
3336024827376 ,0
3336025040651 ,3
3336025040675 ,0
3336028234460 ,0
3336029056221 ,0
3336029234483 ,0
3507614811109 ,0
3507614811116 ,0
3507614811208 ,7
350ML,2
35368002106 ,2
35368002151 ,1
35368002212 ,1
35368002540 ,3
35368003042 ,0
35368003097 ,1
35368003608 ,1
35368202155 ,1
35368202216 ,2
35368203046 ,2
35368203091 ,2
35585447025 ,3
3661726000353 ,2
3661726000360 ,3
3661726000377 ,2
373091020400 ,23
400001 ,1
400002 ,0
4000498023808 ,2
4000498025826 ,0
4002064201337 ,17
4002064201368 ,14
4002064201405 ,38
4002064201580 ,13
4002064205045 ,123
4002064205052 ,33
4002064205069 ,0
4002064205083 ,24
4002064205106 ,12
4002064205113 ,0
4002064205144 ,0
4002064205151 ,0
4002064205168 ,0
4002064208060 ,26
4002064400167 ,11
4002064400174 ,0
4002064400259 ,0
4002064400686 ,18
4002064400693 ,32
4002064400709 ,21
4002064400716 ,21
4002064400723 ,24
4002064400730 ,23
4002064400747 ,43
4002064401065 ,40
4002064401362 ,24
4002064401393 ,13
4002064401423 ,0
4002064401874 ,29
4002064401881 ,0
4002064402109 ,28
4002064405353 ,0
4002064406091 ,13
4002064406268 ,0
4002064406282 ,45
4002064406756 ,8
4002064406763 ,24
4002064406787 ,0
4002064407005 ,1
4002064407296 ,0
4002064407364 ,28
4002064407517 ,9
4002064408064 ,2
4002064408804 ,1
4002064409139 ,2
4002064409146 ,0
4002064409436 ,8
4002064412887 ,4
4002064412900 ,91
4002064412917 ,101
4002064412948 ,170
4002064412962 ,124
4002064412979 ,294
4002064413082 ,0
4002064413099 ,223
4002064413105 ,147
4002064413112 ,0
4002064413129 ,39
4002064413143 ,133
4002064413150 ,291
4002064413266 ,133
4002064413273 ,132
4002064414157 ,97
4002064414164 ,27
4002064414171 ,12
4002064414508 ,3
4002064414515 ,144
4002064417080 ,26
4002064417127 ,11
4002064417233 ,0
4002064417240 ,0
4002064417370 ,22
4002064417462 ,2
4002064417646 ,27
4002064418261 ,0
4002064418285 ,32
4002064418391 ,36
4002064418407 ,38
4002064418421 ,44
4002064418445 ,0
4002064418551 ,5
4002064418568 ,16
4002064418575 ,35
4002064418612 ,0
4002064418629 ,9
4002064418643 ,9
4002064418650 ,36
4002064418667 ,34
4002064418674 ,12
4002064418698 ,0
4002064418711 ,21
4002064418735 ,12
4002064418865 ,19
4002064418872 ,22
4002064420387 ,12
4002064420394 ,0
4002064420400 ,15
4002064420448 ,31
4002064420516 ,0
4002064420523 ,0
4002064420615 ,12
4002064421025 ,18
4002064421032 ,23
4002064421124 ,21
4002064421223 ,0
4002064430003 ,42
4002064430010 ,21
4002064430027 ,22
4002064430058 ,32
4002064430065 ,0
4002064430102 ,16
4002064430126 ,16
4002064500119 ,1
4002064500126 ,11
4002064500188 ,33
4002064501284 ,3
4002064501307 ,5
4002064501345 ,5
4002064504711 ,0
4002064504728 ,11
4002064504735 ,1
4002064504742 ,10
4002064504766 ,2
4002064504773 ,2
4002064504803 ,1
4002064504810 ,16
4002064504827 ,22
4002064504834 ,14
4002064504841 ,61
4002064504858 ,63
4002064505305 ,27
4002064506050 ,0
4002064506074 ,59
4002064512242 ,0
4002064512259 ,-10
4002064512266 ,2
4002064512280 ,0
4002064512297 ,-2
4002064512303 ,-1
4002064512310 ,0
4002064512327 ,7
4002064513003 ,0
4002064513041 ,0
4002064513065 ,2
4002064514444 ,0
4002064514468 ,0
4002064514482 ,8
4002064514604 ,0
4002064514611 ,41
4002064514628 ,53
4002064514635 ,49
4002064514734 ,19
4002064514741 ,30
4002064514802 ,11
4002064514819 ,13
4002064514826 ,16
4002064514833 ,10
4002064514840 ,0
4002064514857 ,0
4002064514864 ,0
4002064514871 ,20
4002064514888 ,6
4002064514895 ,18
4002064514901 ,41
4002064541730 ,0
4002064541761 ,0
4002064541792 ,7
4002064605111 ,4
4002064605128 ,0
4002064617107 ,1
4002064617114 ,47
4002064617121 ,1
4002064617138 ,16
4002064617220 ,1
4002064617251 ,39
4002064618005 ,0
4002064618012 ,49
4002064618050 ,17
4002064618074 ,18
4002064618081 ,8
4002064618098 ,3
4002064618104 ,2
4002064618128 ,-1
4002064618135 ,1
4008239103727 ,2
4008239103765 ,15
4008239106018 ,40
4008239106025 ,17
4008239106063 ,0
4008239106100 ,11
4008239107374 ,85
4008239110343 ,0
4008239110350 ,15
4008239111296 ,1
4008239120038 ,80
4008239120120 ,25
4008239120137 ,18
4008239121813 ,5
4008239130167 ,21
4008239130198 ,8
4008239130235 ,2
4008239130242 ,2
4008239130259 ,34
4008239140296 ,22
4008239140319 ,17
4008239140517 ,13
4008239150011 ,1
4008239150103 ,51
4008239150264 ,48
4008239150653 ,18
4008239155559 ,84
4008239158871 ,4
4008239159045 ,3
4008239160799 ,18
4008239160966 ,34
4008239169914 ,35
4008239201416 ,33
4008239209917 ,18
4008239210036 ,79
4008239210470 ,123
4008239211804 ,52
4008239211941 ,0
4008239211965 ,43
4008239211989 ,34
4008239212245 ,3
4008239212313 ,45
4008239212375 ,50
4008239212382 ,49
4008239212436 ,1
4008239212450 ,38
4008239212542 ,6
4008239212634 ,50
4008239212641 ,45
4008239212788 ,0
4008239212887 ,33
4008239212894 ,33
4008239212900 ,33
4008239212924 ,14
4008239212948 ,36
4008239212962 ,40
4008239214270 ,36
4008239216403 ,27
4008239216410 ,19
4008239216434 ,30
4008239235206 ,0
4008239235213 ,0
4008239250438 ,0
4008239250735 ,0
4008239251947 ,17
4008239252234 ,0
4008239252821 ,9
4008239286161 ,11
4008239286468 ,0
4008239286567 ,31
4008239288417 ,5
4008239288424 ,3
4008239288431 ,6
4008239288448 ,11
4008239288455 ,4
4008239288462 ,11
4008239288479 ,4
4008239290915 ,0
4008239307743 ,27
4008239307750 ,37
4008239307774 ,22
4008239307835 ,2
4008239307859 ,0
4008239309587 ,12
4008239310026 ,2
4008239310217 ,48
4008239310330 ,9
4008239313799 ,19
4008239313843 ,60
4008239313850 ,29
4008239340467 ,3
4008239346483 ,0
4008239351180 ,2
4008239396501 ,1
4008239398802 ,1
4008239398833 ,2
4008239398864 ,26
4008239398987 ,7
4008239399083 ,3
4008239399120 ,6
4008239399564 ,23
4008239399717 ,8
4011708350171 ,1
4012496000125 ,12
4012496000132 ,4
4012496000859 ,11
4012496000927 ,11
4012496008343 ,7
4012496008350 ,3
4012496008398 ,1
4012496010681 ,4
4012496010698 ,10
4012496210425 ,0
4012496220028 ,6
4012496220035 ,5
4012496220066 ,6
4012496220073 ,5
4012496220097 ,4
4012496220103 ,5
4012496220172 ,0
4012496220196 ,3
4012496220202 ,5
4012496220233 ,1
4012496220240 ,5
4012496220301 ,4
4012496220349 ,16
4015110016410 ,1
4016598230114 ,5
4016598230121 ,5
4016598230152 ,6
4016598230169 ,4
4016598460672 ,4
4016598465639 ,4
4016598608661 ,6
4016598649671 ,2
4016598681701 ,0
4016598849705 ,1
4016598870501 ,1
40227070 ,13
40228070 ,0
4022853069535 ,0
4022853076434 ,7
4022853076595 ,7
4022853077905 ,3
4022853078094 ,4
4022853079534 ,11
4022853079787 ,7
4022853080950 ,5
4022853081094 ,16
4022853081223 ,8
4022853087355 ,2
4022853087386 ,2
4022853122520 ,1
4022853133151 ,0
4022853152633 ,6
4022853157188 ,2
4022853157195 ,0
4022853157270 ,8
4022853157294 ,4
4022853165534 ,12
4022853166388 ,8
4022853170316 ,3
4022853174765 ,13
4022853174819 ,4
4022853175052 ,14
4022853176097 ,9
4022853176103 ,16
4022853176110 ,1
4022853176127 ,7
4022853176479 ,8
4022853176509 ,10
4022853176745 ,8
4022853176752 ,8
4022853176776 ,6
4022853178411 ,7
4022853178879 ,7
4022853183255 ,5
4022853183286 ,2
4022853184306 ,2
4022853190307 ,16
4022853191854 ,1
4022853192967 ,4
4022853193148 ,16
4022853193742 ,2
4022853193759 ,1
4022853194299 ,4
4022853194640 ,16
4022853194794 ,1
4022853194800 ,2
4022853194923 ,4
4022853194954 ,15
40230070 ,19
41 ,28
4168638008549 ,11
4168638060813 ,25
4168638060820 ,11
4168638060844 ,27
4168638990028 ,2
4168638992312 ,11
4168638998499 ,4
4332 ,0
464 ,13
4719856836058 ,0
4719856836072 ,0
4719856836096 ,19
4719859034192 ,7
4897030550102 ,46
4897030550119 ,2
4897030550140 ,12
4897030550157 ,23
4897030550164 ,5
4897030550416 ,0
4897030550750 ,4
4897030551062 ,4
4897030551086 ,3
4897030552100 ,1
48970305521000 ,1
48970305521002 ,1
48970305521500 ,1
4897030552946 ,1
4897030552953 ,1
4897030553141 ,1
4897030553233 ,1
489703055325 ,4
4897030553332 ,9
4897030553356 ,3
4897030553370 ,4
4897030553387 ,1
4897030553400 ,0
4897030553547 ,7
4897030553554 ,1
4897030553561 ,7
4897030553578 ,5
4897030553585 ,2
4897030553639 ,0
4897030553707 ,5
4897030553714 ,7
4897030553790 ,0
4897030553806 ,2
4897030553950 ,9
4897030554018 ,0
4897030554032 ,23
4897030554094 ,3
4897030554124 ,0
4897030554148 ,0
4897030554155 ,2
4897030554162 ,1
4897030554230 ,5
4897030554261 ,0
4897030554292 ,24
4897030554308 ,0
4897030554414 ,7
4897030554704 ,1
4897030554711 ,2
4897030554728 ,20
4897030554735 ,7
4897030554742 ,6
4897030554759 ,15
4897030554773 ,4
4897030554780 ,10
4897030554810 ,13
4897030555022 ,19
4897030555039 ,0
4897030555053 ,4
4897030555138 ,67
4897030555145 ,23
4897030555169 ,25
4897030555176 ,11
4897030555671 ,1
4897030555923 ,29
4897030555947 ,2
4897030555954 ,7
4897030556081 ,1
4897030556104 ,9
4897030556159 ,9
4897030556180 ,0
4897030556197 ,11
4897030556203 ,118
4897030556319 ,2
4897030556340 ,6
4897030556364 ,15
4897030556555 ,1
4897030556616 ,6
4897030556630 ,70
4897030556647 ,0
4897030556692 ,59
4897030556715 ,2
4897030556739 ,7
4897030557057 ,3
48970305575000 ,2
4897030557637 ,14
4897030557699 ,58
4897030557750 ,4
4972547524683 ,47
4A03,0
500001 ,2
50000427048 ,9
50000427246 ,28
50000427543 ,31
50000570492 ,3
50000573622 ,-6
50000574988 ,0
50000575008 ,-2
50000582655 ,1
50000583010 ,6
500008 ,1
500016 ,0
500ML,18
5011569002829 ,1
5011569002874 ,5
5011569008579 ,1
5012428040181 ,1
5023556341309 ,22
5023556341323 ,22
5023556341330 ,22
5023556341347 ,26
5023556341354 ,23
5023556450223 ,1
5023556451008 ,5
5023556451015 ,2
5023556451022 ,1
5023556451053 ,3
5023556451060 ,2
5023556451107 ,1
5023556451206 ,1
5023556451701 ,1
5023556451916 ,1
5023556454504 ,3
5023556455204 ,5
5023556455235 ,1
5023556460109 ,2
5023556460567 ,11
5023556460581 ,3
5023556460604 ,3
5023556460628 ,9
5023556460642 ,2
5023556460666 ,4
5023556460727 ,8
5023556460741 ,1
5023556460765 ,3
5023556460789 ,3
5023556460802 ,4
5023556460826 ,1
5023556460840 ,2
5023556460864 ,2
5023556460888 ,4
5023556461205 ,2
5023556462011 ,5
5023556462059 ,11
5023556462073 ,0
5023556462110 ,7
5023556463032 ,6
5023556463278 ,0
5023556464022 ,3
5023556464053 ,7
5023861000311 ,30
5023861000335 ,30
5023861000403 ,82
5023861000700 ,60
5023861000793 ,37
5023861000809 ,9
5023861111505 ,60
5023861111512 ,3
5023861111628 ,23
5023861111901 ,20
5023861112311 ,4
5023861112335 ,58
5023861114704 ,15
5023861114728 ,15
5023861114766 ,15
5023861114926 ,7
5023861115268 ,9
5023861115282 ,10
5023861115305 ,4
5023861115589 ,23
5023861115862 ,20
5023861115961 ,20
5023861116265 ,20
5023861116418 ,19
5023861116432 ,5
5023861118221 ,0
5023861118238 ,-1
5023861118474 ,110
5023861118498 ,32
5023861118511 ,62
5023861118535 ,64
5023861118559 ,10
5023861119310 ,1
5023861119327 ,0
5023861119341 ,0
5023861119921 ,0
5023861119945 ,40
5023861119952 ,0
5023861119976 ,0
5023861120132 ,39
5023861120163 ,39
5023861121016 ,40
5023861121436 ,0
5023861121832 ,11
5023861121924 ,20
5023861122013 ,40
5023861122037 ,28
5023861122051 ,24
5023861122075 ,40
5028804002100 ,0
5028804002179 ,23
5028804002186 ,21
5028804003695 ,19
5028804003701 ,15
5028804003756 ,1
5028804007198 ,21
5028804008478 ,8
5028804008744 ,11
5028804008775 ,15
5028804008782 ,5
5028804008799 ,13
5028804101278 ,1
5028804101353 ,9
5028804101360 ,8
5028804101407 ,2
5028804101445 ,5
5028804101476 ,23
5028804101506 ,2
5028804101612 ,5
5028804101704 ,3
5028804740286 ,1
5028804740293 ,15
5028804740309 ,4
5028804740316 ,8
5028804740323 ,18
5028804840382 ,20
5028804840399 ,21
5028804840467 ,11
5040010 ,21
5040016 ,13
5080001 ,10
5168120714001 ,4
5168220621056 ,16
5168250409051 ,20
5168310420057 ,12
5168350222505 ,1
5212018000032 ,0
5350393001975 ,2
5400274256649 ,3
5400274256656 ,3
5400274256892 ,0
5400274256908 ,0
5400274256922 ,1
5400274257899 ,2
5400274258964 ,3
5400274260233 ,0
5400274261995 ,0
5400274262039 ,0
5400274262770 ,0
5400274270034 ,3
5400274287940 ,6
5400274292739 ,13
5400274294023 ,10
5400274302179 ,9
5400274302186 ,4
5400274302193 ,6
5400274311058 ,5
5400274314578 ,11
5400274314585 ,10
5400274314592 ,12
5400274314608 ,11
5400274314615 ,12
5400274314684 ,4
5400274363149 ,3
5400274363156 ,5
5400274363163 ,7
5400274363170 ,10
5400274363187 ,9
5400274363194 ,9
5400274529194 ,16
5400274531494 ,1
5400274531616 ,10
5400274544388 ,3
5400274680987 ,7
5400274717706 ,1
5400274717720 ,3
5400274717768 ,0
5400274722915 ,1
5400274730132 ,8
5400274738022 ,1
5400274750024 ,0
5400274750680 ,1
5400274753711 ,0
5400274811411 ,5
5400274822899 ,4
5400274837442 ,0
5400274892564 ,0
5400274897545 ,7
5400274925002 ,2
5400274948889 ,3
5400274948919 ,3
5400274954194 ,25
5400274954965 ,3
5400274954972 ,3
5400274954989 ,3
5400274958529 ,0
5400274959342 ,6
5400274982036 ,0
5400274984139 ,22
5400274984207 ,22
5400274984245 ,19
5400274984283 ,4
5400274984702 ,6
5400585002065 ,0
5400585002140 ,3
5400585002409 ,0
5400585003475 ,0
5400585004465 ,2
5400585004496 ,2
5400585004526 ,3
5400585004557 ,2
5400585004700 ,14
5400585004731 ,1
5400585004762 ,0
5400585004847 ,6
5400585004861 ,3
5400585005097 ,3
5400585005110 ,2
5400585005684 ,2
5400585005691 ,1
5400585005707 ,3
5400585005714 ,0
5400585005721 ,2
5400585005813 ,2
5400585005929 ,11
5400585006971 ,0
5400585006988 ,2
5400585006995 ,2
5400585007008 ,2
5400585007077 ,2
5400585007084 ,0
5400585008487 ,5
5400585008494 ,2
5400585008746 ,1
5400585009347 ,0
5400585009354 ,0
5400585010138 ,7
5400585010145 ,6
5400585010152 ,6
5400585010169 ,3
5400585010183 ,2
5400585010206 ,3
5400585010213 ,6
5400585010657 ,1
5400585010671 ,1
5400585010695 ,1
5400585011159 ,0
5400585011418 ,0
5400585012200 ,3
5400585012217 ,4
5400585012224 ,3
5400585012477 ,0
5400585012866 ,0
5400585012873 ,2
5400585012897 ,1
5400585012903 ,1
5400585012910 ,2
5400585013528 ,3
5400585013597 ,3
5400585013627 ,3
5400585028898 ,9
5400585029291 ,1
5400585032345 ,0
5400585032376 ,0
5400585033069 ,1
5400585034554 ,0
5400585034585 ,0
5400585034615 ,0
5400585036473 ,3
5400585036497 ,3
5400585036510 ,3
5400585043037 ,0
5400585043068 ,4
5400585043099 ,1
5400585043129 ,0
5400585043150 ,3
5400585043211 ,3
5400585045765 ,4
5400585045796 ,1
5400585045826 ,1
5400585046571 ,8
5400585046663 ,6
5400585049176 ,5
5400585049299 ,4
5400585049480 ,8
5400585050417 ,4
5400585050509 ,11
5400585050806 ,0
5400585051179 ,1
5400585053128 ,5
5400585053210 ,0
5400585053715 ,0
5400585054002 ,1
5400585056433 ,3
5400585056464 ,4
5400585056495 ,2
5400585056525 ,1
5400585056655 ,8
5400585056679 ,7
5400585056693 ,11
5400585056716 ,8
5400585057003 ,6
5400585058307 ,0
5400585060140 ,2
5400585060294 ,10
5400585063233 ,0
5400585063240 ,2
5400585063257 ,1
5400585063295 ,3
5400585063325 ,0
5400585063370 ,0
5400585065534 ,1
5400585065688 ,2
5400585065701 ,2
5400585065725 ,1
5400585065749 ,1
5400585065763 ,1
5400585066906 ,6
5400585066999 ,5
5400585067040 ,5
5400585068405 ,0
5400585068467 ,0
5400585068498 ,14
5400585068689 ,2
5400585068924 ,6
5400585073355 ,0
5400585073379 ,3
5400585073409 ,3
5400585073430 ,3
5400585073478 ,1
5400585073522 ,4
5400585073638 ,0
5400585079432 ,0
5400585082890 ,0
5400585082999 ,0
5400585083033 ,1
5400585083668 ,0
5400585083729 ,4
5400585083798 ,3
5400585084313 ,1
5400585086201 ,2
5400585087741 ,0
5400585093506 ,0
5400585094343 ,0
5400585094824 ,0
5400585095012 ,0
5400585095043 ,0
5400585095173 ,3
5400585095203 ,2
5400585095302 ,1
5400585095326 ,1
5400585095456 ,1
5400585095548 ,9
5400585095609 ,0
5400585096033 ,1
5400585096064 ,5
5400585096101 ,0
5400585096163 ,1
5400585098341 ,1
5400585098365 ,0
5400585098389 ,2
5400585098402 ,1
5400585100327 ,4
5400585100365 ,0
5400585100402 ,0
5400585100525 ,0
5400585100815 ,7
5400585100969 ,0
5400585101010 ,0
5400585101164 ,0
5400585101300 ,0
5400585101416 ,0
5400585102338 ,0
5400585103946 ,1
5400585105049 ,2
5400585106343 ,0
5400585106497 ,0
5400585106824 ,0
5400585106855 ,16
5400585106893 ,2
5400585107180 ,6
5400585107333 ,0
5400585107357 ,0
5400585107371 ,0
5400585107401 ,0
5400585107432 ,0
5400585107463 ,0
5400585110692 ,0
5400585111187 ,1
5400585111569 ,0
5400585111576 ,0
5400585111989 ,0
5400585112214 ,2
5400585112252 ,0
5400585112276 ,0
5400585112450 ,1
5400585112467 ,1
5400585112504 ,0
5400585112528 ,0
5400585112542 ,3
5400585112559 ,2
5400585112573 ,3
5400585112597 ,1
5400585112610 ,3
5400585112993 ,0
5400585113037 ,2
5400585113051 ,2
5400585113099 ,5
5400585113150 ,2
5400585113181 ,3
5400585113204 ,2
5400585117059 ,5
5400585117080 ,7
5400585117110 ,3
5400585117257 ,1
5400585117370 ,1
5400585117400 ,3
5400585117431 ,1
5410340220108 ,0
5411290103831 ,4
5411290104821 ,3
5411290106634 ,2
5411290106665 ,3
5411290106795 ,2
5411290106825 ,3
5411290106856 ,3
5411290137522 ,1
5411290150927 ,0
5411290155397 ,2
5411290155427 ,0
5411290162029 ,2
5411290162111 ,0
5411290162258 ,0
5411290170475 ,10
5411290174534 ,2
5411290203548 ,1
5411290215763 ,1
5411290238663 ,0
5411290265553 ,1
5411290277051 ,1
5411290278966 ,0
5411290283823 ,2
5411290283946 ,0
5411290287739 ,0
5411290289320 ,7
5411290293525 ,0
5411290313971 ,3
5411290314350 ,2
5411290326285 ,0
5411388002220 ,0
5412087001507 ,4
5412087008889 ,3
5413500002040 ,0
5413500002095 ,-1
5415245047805 ,5
5415245054308 ,2
5415245055008 ,1
5415245055503 ,0
5415245084701 ,0
5415245129709 ,3
5415245134307 ,0
5415245135403 ,2
5415245149202 ,4
5415245149905 ,4
5415245150000 ,3
5415245151502 ,0
5415245151601 ,5
5415245152004 ,2
5415245152509 ,3
5415245152707 ,3
5415245152905 ,0
5415245396705 ,11
5415245397108 ,5
5415245438801 ,15
5415245441801 ,0
5415245442006 ,0
5415245442105 ,0
5607329012117 ,1
5607329031729 ,17
5607329032962 ,1
5607329032979 ,1
5607329046303 ,1
5607329046310 ,1
5607329052311 ,22
5607329069128 ,1
5607329069142 ,2
5607329069166 ,2
5607329078847 ,9
5607329080987 ,1
5607329080994 ,1
5607329081014 ,1
5607329081069 ,1
5607329081083 ,2
5607329081144 ,2
5723998440997 ,2
600003 ,3
600004 ,2
600014 ,2
600016 ,15
605 ,4
6215454621455 ,33
624 ,5
6287005810016 ,0
6287008500068 ,0
6287008500105 ,0
6287008500112 ,0
6287008500150 ,1
6287008500181 ,0
6287008500198 ,0
645095861107 ,17
6500000100471 ,320
6500201700135 ,0
6500201700142 ,6
6500201700210 ,0
6500201700234 ,0
6500201700357 ,0
6500201700494 ,3
6500201710011 ,0
6500201710165 ,1
6500201726142 ,6
6500201726203 ,5
6500201726210 ,1
6500201733164 ,6
6500201733911 ,11
6500201741770 ,5
6500201751670 ,12
6500201760030 ,0
6500201767480 ,3
6500201767497 ,4
6500201767718 ,0
6500201778301 ,13
6500201790457 ,2
6500201790709 ,14
6500201794479 ,21
6500201797395 ,1
6500201799306 ,1
6500202712120 ,2
671875796871 ,11
671875796888 ,9
671875796918 ,3
67714001914 ,0
67714001945 ,-1
67714102000 ,352
67714102017 ,243
67714102024 ,202
67714102031 ,235
67714102048 ,260
67714102062 ,230
67714102109 ,13
67714102116 ,31
67714102147 ,-2
67714982046 ,0
67714982053 ,0
67714982084 ,1
67714982138 ,17
67714982145 ,0
67714982152 ,0
67714982190 ,0
67714982206 ,1
67714982213 ,0
67714982336 ,10
67714982343 ,2
67714982350 ,0
67714982367 ,0
67714982411 ,5
67714982442 ,0
67714982503 ,1
67714982534 ,3
67714982541 ,0
67714982565 ,-3
67714982572 ,0
67714982633 ,0
67714982671 ,0
67714982718 ,0
67714982749 ,0
67714982756 ,0
67714982800 ,2
67714982817 ,0
67714982848 ,0
67714982855 ,0
67714985924 ,0
67714985948 ,0
67714985955 ,0
685 ,6
686 ,0
687 ,8
6920042888814 ,0
6920840322015 ,1
6921835532013 ,5
6921835532020 ,5
6921835533010 ,6
6921835533027 ,5
6933163301735 ,1
6938104001828 ,0
6938104006168 ,11
6938104007479 ,0
6938104007486 ,0
6938104010653 ,2
6938104016716 ,3
6938104040445 ,0
6938104040452 ,0
6938104040469 ,4
6938104040520 ,0
6938104040575 ,6
6938104040582 ,3
6938104040605 ,9
6938104040629 ,4
6938104055715 ,1
6948915070678 ,21
6948915071682 ,49
6948915071699 ,0
6953328795131 ,0
6954722201679 ,0
6956557601150 ,3
6957919906029 ,0
6970569710686 ,8
6970569711164 ,0
6970569713571 ,7
6970569714325 ,10
6970569714523 ,13
6970569714547 ,3
6970569714844 ,13
6970569715964 ,-1
6970569716565 ,9
6970569717678 ,0
6970569719207 ,4
6970569719559 ,4
7000111 ,1
700021 ,2
700026 ,1
700033 ,1
701029001244 ,1
701029001251 ,12
701029001572 ,2
701029007024 ,3
701029007055 ,4
701029007079 ,1
701029007307 ,7
701029007444 ,0
701029007512 ,0
701029007529 ,6
701029007536 ,2
701029007598 ,0
701029007642 ,19
701029007901 ,3
701029007918 ,4
701029007932 ,18
701029007949 ,4
701029101227 ,2
701029101326 ,75
701029101357 ,11
701029101364 ,84
701029101388 ,26
701029101418 ,67
701029101425 ,11
701029101449 ,0
701029101470 ,1
701029101494 ,22
701029101500 ,0
701029101517 ,16
701029101623 ,1
701029101661 ,7
701029101708 ,23
701029101739 ,47
701029101777 ,47
701029101784 ,3
701029101807 ,2
701029101913 ,1
701029101920 ,2
701029103009 ,0
701029103030 ,0
701029103047 ,9
701029103054 ,0
701029103061 ,2
701029103078 ,5
701029103085 ,3
701029103115 ,1
701029103139 ,0
701029106291 ,3
701029107229 ,15
701029107328 ,22
701029107335 ,19
701029107359 ,7
701029107373 ,0
701029108035 ,3
701029108042 ,8
701029108059 ,3
701029108073 ,17
701029108103 ,6
701029108110 ,32
701029108158 ,1
701029108189 ,6
701029108226 ,5
701029108264 ,4
701029108271 ,2
701029108325 ,6
701029108332 ,0
701029108394 ,0
701029108400 ,3
701029108462 ,13
701029108516 ,0
701029108523 ,12
701029108561 ,0
701029108592 ,2
701029108639 ,8
701029108646 ,4
701029108653 ,11
701029108660 ,6
701029108691 ,2
701029108899 ,5
701029120075 ,1
701029121041 ,3
701029121614 ,4
701029121621 ,4
701029121638 ,6
701029121645 ,11
701029121805 ,3
701029121829 ,7
701029121836 ,1
701029130067 ,18
701029130074 ,16
701029130081 ,13
701029130326 ,2
701029131309 ,1
701029131507 ,0
701029131729 ,1
701029131750 ,1
701029157101 ,2
701029157125 ,10
701029157750 ,2
701029157767 ,9
701029157842 ,5
701029160095 ,2
701029160231 ,7
701029160248 ,4
701029160330 ,6
701029160347 ,5
701029160361 ,5
701029160460 ,3
701029160484 ,2
701029161047 ,10
701029162549 ,1
701029200036 ,0
701029210028 ,0
701029210042 ,0
701029210066 ,1
701029210073 ,0
701029210080 ,38
701029210097 ,23
701029210110 ,19
701029210127 ,11
701029210134 ,3
701029210202 ,12
701029210219 ,3
701029210226 ,1
701029210233 ,6
701029210257 ,0
701029210264 ,1
701029210271 ,0
701029210363 ,4
701029210509 ,0
701029210530 ,7
701029210639 ,0
701029210721 ,2
701029210745 ,5
701029210769 ,3
701029210929 ,4
701029211209 ,1
701029211506 ,3
701029211513 ,16
701029211803 ,1
701029211810 ,5
701029211827 ,18
701029211858 ,36
701029211865 ,13
701029211872 ,5
701029211889 ,26
701029211896 ,42
701029211902 ,11
701029211919 ,27
701029211926 ,0
701029211933 ,27
701029211940 ,21
701029211964 ,7
701029211971 ,0
701029211988 ,3
701029212008 ,5
701029212015 ,10
701029212022 ,3
701029212039 ,2
701029212046 ,1
701029212053 ,2
701029212060 ,1
701029212077 ,2
701029212084 ,0
701029212107 ,14
701029212114 ,5
701029212121 ,1
701029212138 ,2
701029212152 ,1
701029212169 ,3
701029212213 ,1
701029213302 ,7
701029213319 ,15
701029213326 ,9
701029213401 ,0
701029222601 ,10
701029230507 ,11
701029230514 ,1
701029230835 ,2
701029230859 ,2
701029231023 ,0
701029310148 ,6
701029310179 ,2
701029310209 ,7
701029310254 ,6
701029310377 ,2
701029310407 ,2
701029310551 ,3
701029310575 ,4
701029310582 ,17
701029310605 ,14
701029310636 ,59
701029310643 ,25
701029312333 ,11
701029377820 ,3
701029377851 ,3
701029377868 ,2
701029377875 ,1
701029377882 ,1
701029377899 ,1
701029377905 ,1
701029378001 ,1
701029378308 ,1
701029378605 ,0
701029378612 ,1
701029378629 ,2
701029378636 ,1
701029378643 ,0
701029378711 ,1
701029378926 ,5
701029555570 ,1
701029555594 ,3
701029555600 ,2
701029576155 ,3
701029576179 ,3
701029576551 ,2
701029810068 ,1
701029810150 ,2
701029810181 ,0
701029810242 ,14
701029810259 ,8
701029820586 ,3
701029821026 ,1
701029821125 ,1
701029821132 ,1
701029821323 ,1
701029821330 ,2
701029821347 ,4
701029821354 ,1
701029821415 ,1
701029822122 ,7
701029822207 ,3
701029822221 ,3
701029822320 ,1
701029822528 ,1
701029822740 ,0
701029822801 ,0
701029822818 ,4
701029822832 ,5
701029822931 ,1
701029822955 ,4
701029823150 ,4
701029823167 ,9
701029823174 ,4
701029823181 ,5
701029823426 ,0
701029823433 ,1
701029823440 ,3
701029824010 ,1
701029824027 ,2
701029824058 ,3
701029824065 ,1
701029824072 ,1
701029824157 ,3
701029824171 ,2
701029824218 ,1
701029825000 ,8
701029825017 ,4
701029825024 ,4
701029825031 ,6
701029825123 ,3
701029825130 ,8
701029825208 ,8
701029825222 ,14
701029825239 ,15
701029825246 ,33
701029825260 ,9
701029825277 ,7
701029825291 ,7
701029825307 ,3
701029825390 ,5
701029825451 ,4
701029825475 ,1
701029825499 ,8
701029825536 ,7
701029827004 ,15
701029827011 ,1
701029827028 ,2
701029827035 ,13
701029827042 ,2
701029827080 ,6
701029827097 ,3
701029827110 ,5
701029827127 ,8
701029827134 ,4
701029827165 ,1
701029827189 ,3
701029827271 ,5
701029829176 ,1
701029829404 ,3
701029829411 ,2
701029829480 ,4
701029829503 ,2
701029829510 ,3
701029829527 ,3
701029829596 ,4
701029829602 ,4
701029829619 ,7
701029829626 ,0
701029832404 ,15
701029832411 ,4
701029832619 ,21
701029832626 ,4
701029903906 ,0
701029903913 ,1
701029903920 ,2
701029905047 ,1
701029905054 ,1
701029905061 ,1
701029905078 ,1
701029905399 ,1
701029905405 ,0
701029907478 ,4
701029908116 ,1
701029908123 ,1
701029908208 ,1
701029908666 ,1
701029910010 ,1
701029910072 ,1
701029910089 ,1
701029910096 ,0
701029910126 ,1
701029910133 ,1
701029910164 ,1
701029910171 ,1
701029910188 ,1
701029910195 ,1
701029910201 ,0
701029910218 ,1
701029910249 ,1
701029910263 ,1
701029930131 ,1
701029930148 ,0
701029930209 ,1
701029930216 ,3
701029930223 ,1
701029930421 ,1
701029930438 ,2
701029930568 ,1
701029930575 ,1
701029930582 ,0
701029930599 ,2
725 ,4
727 ,8
729849142626 ,1
729849142718 ,1
729849142725 ,3
73091020400 ,19
73091020622 ,15
7531824361426 ,0
75ML,0
7611212462703 ,10
7611212462710 ,5
7611212462734 ,1
7707324321448 ,7
780824107924 ,0
780824121005 ,2
780824127359 ,4
784369140019 ,2
784369140026 ,2
784369660555 ,1
786306096045 ,2
7898349701855 ,0
7898349701923 ,1
800008 ,1
800034 ,1
8003507970335 ,0
8005852280510 ,32
8005852712530 ,20
8005852712622 ,17
8005852753083 ,1
8006751006652 ,1
8006751006690 ,3
8006751007338 ,2
8006751007550 ,2
8006751008434 ,1
8006751011847 ,18
8006751011953 ,7
8006751025073 ,8
8006751025097 ,19
8006751025103 ,11
8006751025110 ,19
8006751025158 ,1
8006751025264 ,4
8006751050921 ,2
8006751057388 ,13
8006751058750 ,6
8006751063297 ,1
8006751064270 ,1
8006751075818 ,6
8006751094567 ,0
8006751328440 ,11
8006751328457 ,17
8006751328464 ,19
8006751328471 ,53
8006751328488 ,30
8006751328648 ,6
8006751329072 ,2
8006751329089 ,3
8006751329270 ,1
8006751329324 ,2
8006751329331 ,1
8006751329348 ,1
8006751329522 ,1
8006751332386 ,0
8006751332409 ,1
8006751334199 ,3
8006751343528 ,1
8006751345201 ,1
8006751345409 ,1
8006751346956 ,3
8006751347014 ,1
8006751349896 ,5
8006751353008 ,10
8006751353015 ,1
8006751353169 ,1
8006751353176 ,5
8006751353466 ,13
8006751355248 ,33
8006751355255 ,13
8006751355262 ,7
8006751355347 ,4
8006751355354 ,3
8006751355378 ,3
8006751355408 ,8
8006751355446 ,2
8006751355729 ,1
8006751356115 ,3
8006751356313 ,1
8006751356320 ,1
8006751356337 ,3
8006751356450 ,1
8006751356658 ,4
8006751358799 ,10
8006751358966 ,21
8006751362666 ,1
8006751363069 ,1
8006751364813 ,1
8006751364820 ,2
8006751364837 ,1
8006751366169 ,1
8006751366459 ,1
8006751375253 ,1
8006751375390 ,1
8006751375406 ,1
8006751375901 ,10
8006751375918 ,15
8006751375925 ,9
8006751375932 ,3
8006751375949 ,45
8006751376007 ,41
8006751376175 ,1
8006751376250 ,2
8006751376557 ,1
8006751376601 ,0
8006751376687 ,4
8006751385245 ,5
8006751388383 ,1
8006751388390 ,1
8006751388437 ,1
8006751392946 ,1
8006751392953 ,2
8006751392960 ,1
8006751392977 ,1
8006751392984 ,1
8006751392991 ,1
8006751393004 ,1
8006751393011 ,1
8006751393028 ,1
8006751393035 ,1
8006751393042 ,1
8006751393059 ,1
8006751393066 ,2
8006751393073 ,2
8006751393080 ,1
8006751393097 ,1
8006751393103 ,1
8006751393110 ,1
8006751393127 ,1
8006751393141 ,1
8006751393417 ,1
8006751393424 ,1
8006751393431 ,1
8006751393547 ,2
8006751400016 ,2
8006751400023 ,1
8006751400030 ,1
8006751401075 ,2
8007633191626 ,1
8009632000817 ,0
8009632000855 ,0
8009632000879 ,1
8009632000886 ,16
8009632000954 ,9
8009632007694 ,105
8009632007700 ,67
8009632008615 ,22
8009632008622 ,6
8009632008639 ,12
8009632008646 ,6
8009632008653 ,4
8009632008660 ,28
8009632008677 ,5
8009632008684 ,6
8009632010816 ,13
8009632010984 ,25
8009632011134 ,4
8009632015866 ,1
8009632015873 ,1
8009632015880 ,3
8009632015897 ,8
8009632015903 ,7
8009632015910 ,5
8009632015958 ,2
8009632016276 ,0
8009632016481 ,33
8009632019635 ,1
8009632020570 ,0
8009632020594 ,2
8009632022345 ,2
8009632024448 ,7
8009632024509 ,4
8009632024561 ,2
8009632024585 ,8
8009632024769 ,93
8009632024790 ,31
8009632024837 ,3
8009632024844 ,160
8009632025599 ,19
8009632025650 ,20
8009632025735 ,8
8009632025742 ,1
8009632025865 ,8
8009632025872 ,1
8009632025889 ,9
8009632025940 ,11
8009632027043 ,5
8009632027135 ,6
8009632027180 ,1
8009632027197 ,1
8009632027715 ,14
8009632027753 ,4
8009632027777 ,31
8009632027814 ,1
8009632027821 ,23
8009632027845 ,5
8009632027876 ,3
8009632027906 ,8
8009632027937 ,16
8009632027944 ,7
8009632029184 ,10
8009632031156 ,1
8009632031187 ,2
8009632031217 ,3
8009632031255 ,10
8009632033389 ,4
8009632033693 ,0
8009632033716 ,2
8009632033723 ,7
8009632033730 ,26
8009632033778 ,1
8009632033907 ,10
8009632033914 ,8
8009632034003 ,6
8009632034010 ,7
8009632034072 ,22
8009632034089 ,1
8009632034508 ,18
8009632034881 ,0
8009632035840 ,3
8009632036564 ,0
8009632036595 ,9
8009632036601 ,15
8009632036618 ,21
8009632036625 ,11
8009632036632 ,4
8009632036984 ,23
8009632036991 ,25
8009632037004 ,22
8009632038001 ,1
8009632038421 ,4
8009632038438 ,6
8009632038575 ,0
8009632038643 ,9
8009632038667 ,0
8009632038698 ,2
8009632039084 ,1
8009632039213 ,1
8009632039251 ,2
8009632039268 ,7
8009632039275 ,14
8009632039282 ,8
8009632039299 ,5
8009632039305 ,4
8009632039312 ,0
8009632039350 ,4
8009632039367 ,24
8009632039374 ,3
8009632039381 ,0
8009632039398 ,0
8009632039404 ,8
8009632039411 ,1
8009632039428 ,4
8009632039459 ,0
8009632039480 ,2
8009632039497 ,1
8009632039503 ,10
8009632039541 ,9
8009632039688 ,2
8009632039701 ,0
8009632039718 ,23
8009632039756 ,0
8009632039794 ,16
8009632039831 ,0
8009632039848 ,3
8009632039893 ,5
8009632039909 ,4
8009632039916 ,6
8009632039947 ,5
8009632039954 ,3
8009632039961 ,12
8009632040028 ,4
8009632040066 ,8
8009632040073 ,3
8009632040097 ,1
8009632040103 ,3
8009632040127 ,1
8009632040141 ,24
8009632040158 ,19
8009632040189 ,9
8009632040196 ,16
8009632040202 ,7
8009632040226 ,61
8009632040257 ,0
8009632040264 ,1
8009632040271 ,19
8009632040295 ,7
8009632040301 ,12
8009632040318 ,14
8009632040325 ,22
8009632040332 ,12
8009632040356 ,4
8009632040363 ,23
8009632040370 ,23
8009632040394 ,0
8009632040400 ,7
8009632040417 ,17
8009632040431 ,17
8009632040448 ,7
8009632040462 ,5
8009632040479 ,12
8009632040493 ,11
8009632040509 ,20
8009632040516 ,5
8009632040530 ,12
8009632040547 ,2
8009632040554 ,4
8009632040578 ,0
8009632040615 ,4
8009632040622 ,36
8009632040639 ,12
8009632040677 ,8
8009632040738 ,3
8009632040745 ,2
8009632040790 ,12
8009632040806 ,9
8009632040813 ,2
8009632040820 ,11
8009632040837 ,1
8009632040844 ,1
8009632040851 ,6
8009632040868 ,2
8009632040875 ,13
8009632050089 ,3
8009632050591 ,5
8009632050683 ,0
8009632050706 ,0
8009632050744 ,2
8009632050904 ,3
8009632050935 ,2
8009632050942 ,2
8009632050959 ,6
8009632051116 ,1
8009632051130 ,1
8009632051147 ,4
8009632051154 ,5
8009632051222 ,3
8009632051260 ,3
8009632051390 ,2
8009632051802 ,1
8009632051819 ,1
8009632051826 ,1
8009632051833 ,1
8009632051840 ,0
8009632051857 ,1
8009632051871 ,1
8009632051888 ,1
8009632051895 ,3
8009632051918 ,1
8009632051925 ,0
8009632052298 ,2
8009632052380 ,1
8009632052809 ,0
8009632053134 ,4
8009632053141 ,8
8009632053158 ,5
8009632053165 ,4
8009632053172 ,2
8009632053196 ,0
8009632053370 ,1
8009632054148 ,3
8009632054155 ,3
8009632054162 ,4
8009632054179 ,0
8009632054186 ,3
8009632054193 ,1
8009632054209 ,2
8009632054223 ,3
8009632054247 ,4
8009632054254 ,4
8009632054261 ,5
8009632054285 ,6
8009632054292 ,2
8009632054308 ,3
8009632054391 ,1
8009632054599 ,8
8009632054605 ,4
8009632054612 ,7
8009632054643 ,1
8009632054681 ,0
8009632054704 ,5
8009632054711 ,5
8009632054728 ,4
8009632054766 ,0
8009632054773 ,1
8009632055336 ,2
8009632055350 ,1
8009632055534 ,3
8009632055558 ,5
8009632055633 ,6
8009632055640 ,0
8009632055657 ,2
8009632055664 ,1
8009632055671 ,1
8009632055695 ,2
8009632055701 ,0
8009632055862 ,1
8009632056135 ,4
8009632056142 ,3
8009632056166 ,1
8010690007458 ,1
8010690013992 ,5
8010690014050 ,0
8010690014418 ,2
8010690014425 ,0
8010690014456 ,0
8010690028842 ,0
8010690029931 ,6
8010690030036 ,2
8010690030043 ,8
8010690030586 ,1
8010690030630 ,26
8010690030852 ,1
8010690030876 ,1
8010690034072 ,1
8010690034256 ,1
8010690035260 ,8
8010690039053 ,1
8010690040899 ,1
8010690040905 ,8
8010690041148 ,7
8010690045276 ,1
8010690045320 ,1
8010690045740 ,1
8010690051857 ,4
8010690052601 ,2
8010690060231 ,7
8010690063133 ,6
8010690064581 ,1
8010690064598 ,1
8010690065823 ,0
8010690066028 ,3
8010690067049 ,2
8010690067063 ,6
8010690067117 ,13
8010690078854 ,7
8010690079349 ,8
8010690079417 ,15
8010690087597 ,2
8010690087603 ,1
8010690088297 ,7
8010690088365 ,2
8010690088457 ,7
8010690088587 ,2
8010690088969 ,6
8010690088983 ,9
8010690089799 ,1
8010690089829 ,1
8010690093543 ,0
8010690093550 ,17
8010690094199 ,1
8010690098791 ,6
8010690100678 ,2
8010690101569 ,1
8010690101613 ,5
8010690105161 ,19
8010690106397 ,1
8010690106762 ,2
8010690108384 ,1
8010690109015 ,1
8010690109350 ,1
8010690109367 ,2
8010690109374 ,1
8010690111674 ,3
8010690111759 ,1
8010690111827 ,14
8010690112381 ,11
8010690114408 ,3
8010690114439 ,1
8010690114446 ,1
8010690115191 ,2
8010690115986 ,2
8010690116068 ,1
8010690125336 ,1
8010690130149 ,1
8010690134383 ,1
8010690134413 ,1
8010690134468 ,1
8010690134475 ,1
8010690134499 ,1
8010690134512 ,1
8010690134581 ,1
8010690134598 ,1
8010690134604 ,1
8010690134628 ,1
8010690134659 ,1
8010690134734 ,1
8010690134758 ,1
8010690134789 ,2
8010690134796 ,1
8010690134802 ,1
8010690134888 ,2
8010690134925 ,1
8010690134949 ,1
8010690150147 ,1
8010690159553 ,1
8010690162195 ,2
8010690162218 ,4
8010690162263 ,3
8010690164045 ,5
8010690164687 ,1
8010690165165 ,3
8011469991138 ,1
8011469991145 ,12
8011469995563 ,3
8011469995808 ,4
8015912502797 ,37
8015912502803 ,43
8015912502810 ,14
8015912502834 ,67
8015912502841 ,17
8015912502858 ,63
8015912502865 ,65
8015912503077 ,27
8015912503084 ,4
8015912503091 ,36
8015912503107 ,25
8015912503114 ,65
8015912503121 ,-10
8015912503138 ,4
8015912503145 ,1
8015912503152 ,8
8015912503169 ,29
8015912503176 ,3
8015912503183 ,1
8015912503190 ,0
8015912503206 ,4
8015912503213 ,0
8015912503220 ,0
8015912503237 ,2
8015912503244 ,0
8015912503251 ,2
8015912503350 ,0
8015912503367 ,0
8015912503374 ,0
8015912503381 ,1
8015912503398 ,169
8015912503633 ,14
8015912503695 ,67
8015912504050 ,9
8015912504074 ,14
8015912504104 ,50
8015912504159 ,0
8015912504173 ,0
8015912504180 ,0
8015912504319 ,0
8015912504333 ,0
8015912504401 ,-1
8015912504432 ,-1
8015912504449 ,-1
8015912504470 ,0
8015912504548 ,-5
8015912504562 ,108
8015912504579 ,25
8015912504586 ,37
8015912504593 ,-2
8015912504609 ,9
8015912504616 ,0
8015912504623 ,0
8015912504630 ,2
8015912504661 ,0
8015912504678 ,0
8015912504708 ,17
8015912505255 ,0
8015912505262 ,0
8015912505279 ,0
8015912505637 ,38
8015912505644 ,48
8015912505651 ,35
8015912505668 ,12
8015912505736 ,-2
8015912505743 ,28
8015912505750 ,4
8015912505767 ,23
8015912505835 ,29
8015912505842 ,63
8015912505859 ,58
8015912505866 ,62
8015912506047 ,0
8015912506054 ,46
8015912506078 ,0
8015912506085 ,58
8015912506092 ,0
8015912506108 ,0
8015912506115 ,0
8015912506122 ,39
8015912506139 ,0
8015912506672 ,16
8015912506733 ,64
8015912506740 ,-1
8015912506757 ,0
8015912507358 ,0
8015912507365 ,14
8015912507396 ,15
8015912507402 ,69
8015912507419 ,46
8015912507426 ,89
8015912507433 ,60
8015912507440 ,51
8015912508041 ,25
8015912508058 ,21
8015912508102 ,3
8015912508119 ,0
8015912508126 ,11
8015912509031 ,0
8015912509055 ,14
8015912509178 ,68
8015912509208 ,6
8015912509239 ,52
8018084023138 ,2
8018084024678 ,0
8018084042009 ,0
8018084052664 ,3
8022767000439 ,7
8022767001252 ,8
8022967012850 ,1
8022967022521 ,0
8022967023474 ,0
8022967032025 ,5
8022967036313 ,1
8022967038980 ,6
8022967039246 ,6
8022967039499 ,0
8022967040594 ,0
8022967045070 ,0
8022967049030 ,9
8022967049047 ,9
8022967052290 ,0
8022967055109 ,1
8022967062084 ,2
8023222000391 ,6
8023222001930 ,1
8023222008694 ,0
8023222008809 ,0
8023222008816 ,0
8023222008823 ,1
8023222008830 ,1
8023222008847 ,1
8023222008854 ,1
8023222008861 ,1
8023222008984 ,1
8023222008991 ,1
8023222012769 ,12
8023222013070 ,9
8023222013377 ,3
8023222013483 ,1
8023222013490 ,11
8023222013513 ,1
8023222013544 ,10
8023222014114 ,14
8023222014206 ,11
8023222014213 ,1
8023222014237 ,3
8023222014282 ,9
8023222014367 ,12
8023222014398 ,0
8023222015364 ,8
8023222016767 ,31
8023222017504 ,24
8023222017528 ,1
8023222018006 ,2
8023222019737 ,29
8023222019751 ,11
8023222023154 ,1
8023222024403 ,0
8023222027763 ,2
8023222027770 ,6
8023222027787 ,5
8023222028623 ,127
8023222028630 ,47
8023222028647 ,119
8023222028654 ,11
8023222028685 ,18
8023222028708 ,54
8023222030596 ,3
8023222031951 ,27
8023222031968 ,8
8023222031975 ,28
8023222031999 ,4
8023222032002 ,4
8023222032750 ,7
8023222032811 ,19
8023222039148 ,6
8023222041851 ,0
8023222042117 ,4
8023222043565 ,8
8023222044357 ,1
8023222050242 ,6
8023222050358 ,13
8023222051478 ,8
8023222052673 ,1
8023222052727 ,1
8023222052772 ,0
8023222052802 ,3
8023222053953 ,13
8023222053960 ,38
8023222053977 ,5
8023222053984 ,8
8023222054028 ,1
8023222054127 ,3
8023222056152 ,2
8023222056435 ,1
8023222056442 ,1
8023222056466 ,1
8023222056473 ,1
8023222056480 ,1
8023222056596 ,0
8023222056602 ,2
8023222061033 ,0
8023222061699 ,2
8023222061866 ,0
8023222063259 ,1
8023222063792 ,1
8023222064157 ,18
8023222064164 ,1
8023222064171 ,13
8023222064324 ,10
8023222064393 ,7
8023222064416 ,10
8023222064454 ,7
8023222064638 ,2
8023222064713 ,21
8023222064720 ,6
8023222065581 ,9
8023222065604 ,12
8023222066663 ,1
8023222067097 ,9
8023222075832 ,13
8023222078499 ,0
8023222078567 ,2
8023222078833 ,3
8023222078840 ,3
8023222078857 ,5
8023222078864 ,5
8023222078871 ,3
8023222078888 ,5
8023222078895 ,5
8023222078901 ,4
8023222081284 ,5
8023222081406 ,4
8023222082137 ,20
8023222084797 ,3
8023222084872 ,17
8023222084889 ,16
8023222084896 ,15
8023222090019 ,4
8023222092723 ,1
8023222092730 ,1
8023222093249 ,0
8023222094093 ,3
8023222094178 ,3
8023222094192 ,3
8023222094208 ,12
8023222094307 ,12
8023222094963 ,9
8023222094970 ,17
8023222100725 ,1
8023222105409 ,1
8023222106468 ,3
8023222106697 ,3
8023222111721 ,1
8023222112940 ,3
8023222114623 ,5
8023222114722 ,8
8023222114739 ,4
8023222114753 ,7
8023222114760 ,8
8023222114913 ,8
8023222114951 ,3
8023222115361 ,5
8023222116047 ,2
8023222116054 ,1
8023222116061 ,1
8023222116115 ,1
8023222116122 ,1
8023222116139 ,2
8023222116320 ,0
8023222119710 ,9
8023222120211 ,1
8023222120235 ,4
8023222121690 ,8
8023222121768 ,8
8023222121775 ,8
8023222121799 ,6
8023222121881 ,3
8023222121898 ,4
8023222121904 ,6
8023222121928 ,4
8023222124301 ,3
8023222125483 ,10
8023222125513 ,25
8023222125728 ,7
8023222125759 ,6
8023222126046 ,3
8023222126190 ,11
8023222126244 ,2
8023222126633 ,6
8023222126749 ,10
8023222126756 ,2
8023222126763 ,8
8023222126770 ,1
8023222127500 ,6
8023222127517 ,4
8023222134461 ,1
8023222134911 ,1
8023222136847 ,8
8023222137462 ,0
8023222137615 ,1
8023222137929 ,1
8023222139749 ,7
8023222139756 ,10
8023222139763 ,4
8023222140288 ,19
8023222140400 ,5
8023222140455 ,1
8023222140660 ,5
8023222141636 ,1
8023222141667 ,2
8023222141698 ,0
8023222141711 ,2
8023222141827 ,3
8023222142114 ,2
8023222142695 ,1
8023222142794 ,0
8023222142961 ,4
8023222143166 ,5
8023222143357 ,2
8023222144392 ,8
8023222145719 ,2
8023222146334 ,1
8023222146952 ,0
8023222156104 ,5
8023222157101 ,1
8023222157347 ,1
8023222157439 ,1
8023222157620 ,4
8023222157644 ,1
8023222157736 ,1
8023222157804 ,3
8023222157897 ,1
8023222159013 ,5
8023222159099 ,10
8023222162235 ,2
8023222162662 ,6
8023222167711 ,1
8023222168084 ,0
8023222168510 ,2
8023222170506 ,1
8023222170551 ,16
8023222173774 ,2
8023222174009 ,2
8023222175228 ,2
8023222180239 ,11
8023222180246 ,11
8023222180864 ,8
8023222180932 ,1
8023222181366 ,1
8023222182134 ,1
8023222184206 ,0
8023222187061 ,5
8023222203600 ,4
8023222203617 ,10
8031398000831 ,0
8031398000855 ,0
8031398123585 ,0
8031398124025 ,0
8033776760818 ,0
80520 ,2
8055960250028 ,5
8055960250066 ,1
8055960250141 ,1
8055960250165 ,5
8055960250233 ,1
8055960250301 ,1
8055960250370 ,1
8055960250387 ,3
8055960250394 ,2
8055960250400 ,1
8055960250417 ,1
8055960250486 ,2
8055960250509 ,1
8055960250523 ,2
8055960250530 ,2
8055960250554 ,3
8055960250561 ,5
8055960250578 ,1
8055960250585 ,4
8055960250592 ,4
8055960250608 ,5
8055960250615 ,5
8055960250622 ,4
8055960250639 ,5
8055960250646 ,5
8055960250653 ,5
8055960250677 ,5
8055960250790 ,1
8055960250806 ,1
8055960250813 ,1
8055960250820 ,1
8055960250844 ,3
8055960250899 ,4
8055960250950 ,5
8055960251247 ,5
8055960251261 ,6
8055960251292 ,5
8055960251315 ,5
8055960251322 ,5
8055960251377 ,5
8055960251391 ,5
8055960251407 ,10
8055960251445 ,10
8055960251452 ,5
8055960251568 ,5
8055960251575 ,5
8055960251612 ,5
8055960251629 ,3
8055960251674 ,5
8055960251773 ,5
8055960254194 ,1
8055960254422 ,5
8055960254439 ,5
8055960254446 ,5
8055960254453 ,5
8055960254460 ,5
8055960254484 ,5
8055960254491 ,5
8055960254507 ,5
8055960254514 ,4
8055960254521 ,5
8055960254538 ,2
8055960254576 ,2
8055960254606 ,2
8055960254613 ,1
8055960254644 ,1
8055960254682 ,2
8055960254781 ,1
8055960256358 ,5
8055960256396 ,4
8055960256402 ,1
8055960256426 ,5
8055960257300 ,2
8055960257348 ,4
8055960257379 ,5
8055960257386 ,5
8055960257393 ,5
8055960257409 ,5
8055960257416 ,0
8055960257423 ,5
8055960257430 ,5
8055960257447 ,1
8055960257454 ,5
8055960257461 ,5
8055960257478 ,5
8055960257485 ,5
8055960257492 ,5
8055960257508 ,5
8055960257515 ,5
8055960257522 ,5
8055960257539 ,5
8055960257546 ,5
8055960257782 ,5
8055960257829 ,5
8055960257843 ,5
8055960257867 ,5
8055960257904 ,5
8055960257928 ,5
8055960257959 ,5
8055960258031 ,5
8055960258048 ,5
8055960258116 ,2
8055960258185 ,1
8055960258505 ,2
8055960258529 ,2
8055960258536 ,2
8055960258543 ,2
8055960258550 ,2
8055960258598 ,5
8055960259458 ,5
8055960259526 ,5
8055960259533 ,5
8055960259540 ,5
8055960259557 ,5
8055960259571 ,5
8055960259632 ,5
8055960259649 ,5
8055960259663 ,5
8055960259670 ,5
8055960259700 ,1
8055960259793 ,1
8055960259823 ,1
8055960259953 ,5
8055960259977 ,4
8055960259984 ,4
8058093270208 ,0
8058093270215 ,3
8058093271991 ,0
8058093272653 ,0
8058093272660 ,2
8058093272677 ,0
8058093272868 ,0
8058093273162 ,3
8058093273346 ,0
8058773270733 ,5
8058773270818 ,2
8058773270825 ,5
8058773270863 ,5
8058773270870 ,5
8058773270900 ,2
8058773270917 ,5
8058773270962 ,5
8058773271624 ,5
8058773271631 ,5
8058773271648 ,3
8058773271655 ,5
8058773271730 ,5
8058773271747 ,4
8058773271754 ,5
8058773271761 ,5
8058773272003 ,1
8058773272010 ,5
8058773272027 ,5
8058773272034 ,5
8058773272041 ,5
8058773272058 ,2
8058773272065 ,5
8058773272072 ,2
8058773272218 ,5
8058773272225 ,5
8058773272232 ,5
8058773272249 ,4
8058773272256 ,5
8058773272263 ,4
8058773272270 ,5
8058773272287 ,5
8058773272300 ,5
8058773272317 ,5
8058773272324 ,4
8058773272331 ,5
8058773272348 ,5
8058773272355 ,2
8058773272362 ,5
8058773272379 ,4
8058773272386 ,5
8058773272393 ,3
8058773272409 ,4
8058773272423 ,5
8058773272454 ,5
8058773273697 ,5
8058773273703 ,5
8058773273710 ,5
8058773273727 ,5
8058773273741 ,5
8058773273758 ,5
8058773273789 ,0
8058773273819 ,5
8058773274229 ,5
8058773274236 ,3
8058773274243 ,5
8058773274250 ,5
8058773274267 ,5
8058773274274 ,5
8058773274281 ,5
8058773274298 ,5
8058773274304 ,5
8058773274311 ,5
8058773274328 ,4
8058773274335 ,4
8058773274342 ,5
8058773274359 ,5
8058773274373 ,5
8058773274380 ,5
8058773274397 ,5
8058773274403 ,5
8058773274410 ,5
8058773274427 ,5
8058773274441 ,5
8058773274465 ,4
8058773274489 ,3
8058773275134 ,1
8058773275141 ,1
8058773275158 ,1
8058773275165 ,1
8058773275172 ,1
8058773275189 ,1
8058773275196 ,1
8058773275202 ,1
8058773275219 ,1
8058773275233 ,1
8058773275240 ,1
8058773275257 ,1
8058773275264 ,1
8058773275271 ,1
8058773275288 ,1
8058773275295 ,1
8058773275301 ,1
8058773275318 ,1
8058773275325 ,1
8058773275332 ,1
8058773275349 ,1
8058773275356 ,1
8058773275363 ,1
8058773275370 ,2
8058773276445 ,2
8058773276483 ,2
8058773276490 ,2
8058773276520 ,2
8058773276537 ,1
8058773276605 ,1
8058773276612 ,1
8058773276629 ,1
8058773276636 ,1
8058773276643 ,1
8058773276650 ,1
8058773276667 ,1
8058773276674 ,1
8058773276681 ,1
8058773276698 ,0
8058773276704 ,1
8058773276711 ,1
8058773276728 ,1
8058773276735 ,1
8058773276742 ,1
8058773277145 ,2
8058773277503 ,2
8058773277879 ,0
8168638040095 ,10
818628021853 ,2
8411514803643 ,0
8411514805234 ,6
8411514805302 ,4
8414580000855 ,25
8414580000862 ,16
8414580000978 ,0
8414580001715 ,4
8414580004655 ,0
8414580004686 ,0
8414580004693 ,0
8414580005348 ,0
8414580005379 ,0
8414580008967 ,0
8429886000300 ,0
8429886000317 ,1
8429886000324 ,1
8429886000461 ,0
8429886000607 ,0
8429886000676 ,1
8429886000720 ,0
8429886001000 ,8
8429886001017 ,2
8429886001284 ,7
8429886001529 ,0
8429886001567 ,3
8429886001581 ,1
8429886001895 ,1
8429886002106 ,0
8429886002229 ,0
8429886002502 ,5
8429886004438 ,0
8429886008191 ,0
8429886008290 ,3
8429886008313 ,1
8429886008344 ,1
8429886008351 ,0
8429886008375 ,3
8429886008382 ,2
8429886008405 ,1
8429886008801 ,4
8429886008818 ,1
8429886008825 ,1
8429886008900 ,1
8429886019531 ,21
8429886019579 ,1
8429886019593 ,4
8429886019609 ,2
8429886020100 ,0
8429886020216 ,3
8429886020230 ,1
8429886020285 ,0
8429886020292 ,0
8429886020490 ,4
8429886020513 ,7
8429886020520 ,1
8429886020605 ,2
8429886020629 ,1
8429886020643 ,1
8429886020681 ,0
8429886021701 ,0
8429886021718 ,1
8429886021961 ,2
8429886021978 ,0
8429886022463 ,3
8429886022470 ,1
8429886022517 ,0
8429886022524 ,1
8429886022531 ,0
8429886022579 ,1
8429886022593 ,2
8429886022609 ,1
8429886022616 ,4
8429886022623 ,6
8429886022937 ,1
8429886022944 ,1
8429886022951 ,2
8429886022968 ,1
8429886023385 ,2
8429886023408 ,1
8429886023415 ,3
8429886024467 ,2
8429886024474 ,1
8429886024597 ,2
8429886024603 ,2
8429886024627 ,4
8429886024672 ,2
8429886024689 ,2
8429886024696 ,1
8429886024702 ,0
8429886024771 ,1
8429886024948 ,1
8429886024955 ,1
8429886024962 ,0
8429886024993 ,2
8429886025013 ,3
8429886025020 ,0
8429886025044 ,1
8429886025075 ,3
8429886025181 ,1
8435273309949 ,5
856211005033 ,0
856211005040 ,0
856211005057 ,17
856211005071 ,13
856211005101 ,11
856211005118 ,16
8698995013840 ,45
8711231101467 ,11
8711231101474 ,9
8711231103324 ,48
8711231109029 ,2
8711231109111 ,1
8711231112852 ,0
8711231115327 ,0
8711231121281 ,8
8711231136841 ,0
8711231150380 ,3
8711908133104 ,-2
8711908290005 ,-1
8711908291002 ,0
8711908292009 ,12
8711908383004 ,0
8711908384001 ,1
8711908385008 ,0
8713864000674 ,0
8713864000742 ,2
8852084172836 ,47
8852084172843 ,48
8852084172850 ,48
8852084172867 ,49
8852084172898 ,32
8852084172904 ,14
8852084173239 ,48
8852084173253 ,10
8852084173260 ,47
8852084173277 ,7
900003 ,11
900006 ,6
900011 ,2
900013 ,64
900014 ,52
900024 ,96
900025 ,43
900028 ,3
900031 ,21
900055 ,0
900083 ,15
900084 ,8
9168920005671 ,44
97612180435 ,4
97612360608 ,12
97612660104 ,3
97612741087 ,3
97612761252 ,2
97612761450 ,2
97612770056 ,7
97612800326 ,2
97612910025 ,17
97612925500 ,2
98364 ,0
98371 ,3
98372 ,3
98373 ,3
A25,0
A28,1
A308,2
A401,0
A4011,7
AA2500N,2
AA53,4
AA82,0
B1019,4
B11,2
B13,1
BC22,1
BR-03,5
JMA0008,5
JMA0026,12
JMA0027,9
JMA0130,3
JME0079,38
JME0094,45
KC225,2
M01,9
M03,10
P309,3
P507,7
P511,1
P512,1
P517,15
P535,2
P553,4
P573,10
P574,5
P577,8
P577-A,0
P577-B,8
P579,12
P580,7
P581,7
P582,4
P583,1
P588,4
P603,4
P611,7
P624,1
P636,3
P638,3
P646,5
P650,11
P654,3
P655,7
P659,21
P660,10
P666,4
P686,4
P713,-1
P718,3
P721,0
P723,1
P724,3
P735,0
P813-1,5
P814-1,9
P842,1
P849,12
P852,3
P869-A,1
P871-A,2
P885,3
P888,8
P893,1
P907-A,5
P936,15
PED9910G,1
PFLB110,1
PFLB55,0
PFLB73,0
PFLB90,1
RT172L,0
S02,0
SWA0138,9
SWA0235,3
SWA0259,6
SWA0413,6
SWA0416,20
SWA0457,3
SWA0477,0
SWA0482,1
SWA0486,-1
SWA0487,0
SWA0490,4
SWA0704,1
SWA0705,6
SWA0710,2
SWA0711,3
SWA0722,7
SWA0723,3
SWALC0471,6
SWALC0474,5
SWALC0476,6
SWALC0479,4
SWALC0489,6
SWALC0491,2
SWALC0492,3
SWALC0494,1
SWALC0495,1
SWALC0497,2
SWALC0498,5
SWD0042,5
SWE0005,65
SWE0009,20
SWE0015,12
SWE0024,24
SWG0016,1
SWG0021,13
V019,0
V021,0
XF50322,11
XF50323,2
XF50328,16
XF50329,6
XF60301B,24
XF60301C,19
XF60301E,20
YD0007,1
YT79975,21
Z,42