000014,12
000024,41
000025,36
000027,43
000028,14
000P2,2
000P2-2,0
0010KG,1
00685A,2
007B,3
00931B,0
00A002,3
00A004,18
00A22,0
00A24,1
00A300,6
00A31,0
00A52,0
00A56,1
00B1,2
00HA104,3
00V4,5
067714102222,6
067714102239,0
067714102253,3
067714102291,3
067714102321,3
067714102345,5
067714102413,6
067714102420,3
067714102451,6
067714102468,3
067714102499,5
067714102505,3
067714102536,6
067714102543,3
067714102550,6
067714102567,2
067714102598,6
067714102604,3
067714102611,6
067714102628,3
067714102703,35
067714102710,29
067714102727,9
067714102734,48
067714102741,6
067714102758,53
067714102765,6
067714102772,50
067714102789,4
067714102819,39
067714102826,7
067714102833,53
067714102840,13
100107 ,9
10101 ,97
10102 ,209
10103 ,9
10104 ,1
103 ,2
106 ,4
1168630512092 ,3
1168630612242 ,3
1168638922909 ,4
1168638998799 ,5
1168920724051 ,3
121 ,5
125ML,2
128 ,6
129 ,3
131 ,4
134 ,0
150017 ,0
15456 ,3
17 ,4
180ML,10
1C2007,14
1C2009,0
1C2011,28
1C2012,10
1C2107,8
1C2206,6
1C2207,5
1C2208,6
1C2211,12
1C2213,11
1C2215,24
1C2217,5
1C2302,5
1C2303,11
2168638053008 ,3
2168638092717 ,7
23 ,8
250ML,0
2659362464418 ,22
2659362464425 ,22
2659362464432 ,21
2659362464449 ,23
2659362464517 ,20
2659362464524 ,19
2659362465019 ,18
2659362465026 ,50
2659362465118 ,24
2659362465125 ,21
2659362465316 ,22
2659362465330 ,23
2659362465347 ,19
2659362465712 ,23
2659362541379 ,2
2659362689873 ,4
2659364312816 ,4
2659364312823 ,2
2659367107068 ,2
2659367136013 ,12
2659367136037 ,10
2659367136044 ,14
2659367141123 ,5
2659367141147 ,0
2659367141413 ,22
2659367141420 ,21
2659367154130 ,2
2659367207065 ,2
2659367236041 ,6
2659367242196 ,5
2659367242592 ,11
2659367242653 ,12
2659367242844 ,3
2659367246545 ,21
2659367260336 ,9
2659367261937 ,11
2659367267588 ,1
2659367267595 ,0
2659367267649 ,1
2659367267731 ,1
2659367267762 ,12
2659367267779 ,18
2659367267786 ,6
2659367267793 ,3
2659367267809 ,10
2659367267816 ,10
2659367267823 ,11
2659367267830 ,12
2659367267847 ,12
2659367267854 ,9
2659367267861 ,10
2659367267878 ,10
2659367267885 ,10
2659367267892 ,12
2659367267908 ,4
2659367267915 ,5
2659367267922 ,9
2659367267946 ,11
2659367267977 ,6
2659367344210 ,21
2659367344241 ,23
2659367431545 ,6
2659367706087 ,11
2659367706742 ,3
2659367714136 ,23
2659367718790 ,11
2659367723138 ,20
2659367730563 ,1
2659367734189 ,2
2659367734448 ,18
2659367736077 ,6
2659367740333 ,5
2659367753845 ,6
2659367756846 ,3
2659367774635 ,12
2659367799751 ,1
2659367800051 ,2
2659367823357 ,9
2659367824279 ,1
2659367824361 ,23
2659367824378 ,23
2659367824385 ,23
2659367824392 ,23
2659367824422 ,20
2659367824446 ,24
2659367985055 ,1
2659367985062 ,0
2659367985079 ,0
2659367985482 ,1
2659367985499 ,1
2659367986274 ,1
2659367986281 ,0
2659367986366 ,0
2659367986540 ,1
2659367986847 ,2
2659367987929 ,1
2659367987936 ,0
2659367987943 ,0
2659367987950 ,0
2659367988414 ,1
2659367988445 ,2
2659367988469 ,1
2659367988896 ,1
2659367991520 ,12
2659367991810 ,5
2659367991827 ,13
2659367998963 ,8
2659367999403 ,19
2865 ,58
2866 ,8
30 ,5
300024 ,1
300034 ,1
3002 ,0
3003 ,0
30172071508 ,18
30172080272 ,2
30172080289 ,1
3182550707312 ,2
3182550707329 ,0
3182550721738 ,0
3336021371506 ,0
3336021371513 ,5
3336021371520 ,0
3336021371537 ,0
3336021371544 ,0
3336022030242 ,1
3336022800173 ,3
3336022800180 ,3
3336022800197 ,6
3336022800203 ,4
3336023460505 ,7
3336023521138 ,3
3336023521152 ,11
3336023521169 ,12
3336023521237 ,12
3336023521305 ,10
3336023521336 ,7
3336023521343 ,9
3336023521350 ,12
3336023521367 ,5
3336023521374 ,8
3336024234204 ,2
3336024707012 ,6
3336024811238 ,1
3336024827000 ,6
3336024827116 ,6
3336024827208 ,6
3336024827253 ,5
3336024827376 ,6
3336026040902 ,0
3336028234460 ,2
3336029234483 ,2
3352590137862 ,0
3352790137860 ,2
3507614811109 ,0
350ML,10
35368002106 ,3
35368002151 ,3
35368002540 ,2
35368003042 ,3
35368003097 ,3
35368202216 ,3
35368203046 ,2
35368203091 ,3
4 ,17
400001 ,5
400002 ,0
400016 ,0
4002064201337 ,19
4002064201368 ,9
4002064201405 ,30
4002064201580 ,20
4002064205045 ,66
4002064205052 ,17
4002064205069 ,0
4002064205106 ,4
4002064205113 ,3
4002064205151 ,1
4002064205168 ,3
4002064400167 ,18
4002064400174 ,13
4002064400686 ,4
4002064400693 ,1
4002064400709 ,9
4002064400716 ,41
4002064400723 ,16
4002064400730 ,11
4002064400747 ,10
4002064401065 ,15
4002064401362 ,8
4002064401393 ,22
4002064401423 ,0
4002064401874 ,12
4002064401881 ,2
4002064402109 ,15
4002064406091 ,17
4002064406268 ,0
4002064406282 ,6
4002064406756 ,12
4002064406763 ,13
4002064406787 ,26
4002064407364 ,26
4002064407517 ,29
4002064408064 ,15
4002064408804 ,16
4002064409139 ,15
4002064409146 ,16
4002064412887 ,0
4002064412900 ,184
4002064412917 ,143
4002064412948 ,154
4002064412962 ,164
4002064412979 ,152
4002064413082 ,135
4002064413099 ,126
4002064413105 ,139
4002064413112 ,0
4002064413129 ,149
4002064413143 ,294
4002064413150 ,215
4002064413266 ,127
4002064413273 ,152
4002064414157 ,48
4002064414164 ,10
4002064414171 ,55
4002064414508 ,1
4002064414515 ,72
4002064417080 ,16
4002064417127 ,20
4002064417370 ,15
4002064417462 ,6
4002064417646 ,16
4002064418261 ,10
4002064418285 ,15
4002064418391 ,14
4002064418407 ,16
4002064418421 ,11
4002064418551 ,13
4002064418575 ,11
4002064418643 ,10
4002064418650 ,10
4002064418667 ,10
4002064418674 ,12
4002064418711 ,15
4002064418735 ,36
4002064418865 ,8
4002064418872 ,42
4002064420387 ,18
4002064420394 ,13
4002064420400 ,16
4002064420448 ,23
4002064420523 ,15
4002064420530 ,13
4002064421025 ,15
4002064421032 ,15
4002064421124 ,16
4002064421223 ,0
4002064430003 ,16
4002064430010 ,13
4002064430027 ,16
4002064430058 ,23
4002064430065 ,20
4002064430126 ,4
4002064500119 ,11
4002064500126 ,8
4002064500188 ,11
4002064504711 ,6
4002064504728 ,6
4002064504735 ,6
4002064504742 ,6
4002064504759 ,6
4002064504766 ,6
4002064504810 ,8
4002064504827 ,12
4002064504834 ,6
4002064504841 ,30
4002064504858 ,30
4002064505305 ,10
4002064506050 ,0
4002064509846 ,13
4002064512242 ,0
4002064512259 ,0
4002064512266 ,0
4002064512280 ,-1
4002064512297 ,0
4002064512303 ,0
4002064512310 ,0
4002064513003 ,128
4002064513041 ,150
4002064513065 ,0
4002064514444 ,22
4002064514468 ,18
4002064514482 ,19
4002064514628 ,34
4002064514734 ,9
4002064514741 ,12
4002064514802 ,16
4002064514819 ,14
4002064514826 ,15
4002064514833 ,15
4002064514840 ,16
4002064514857 ,16
4002064514864 ,16
4002064514871 ,15
4002064514888 ,16
4002064514895 ,15
4002064514901 ,11
4002064541730 ,10
4002064541747 ,8
4002064541754 ,2
4002064541761 ,10
4002064541792 ,10
4002064605128 ,5
4002064617107 ,0
4002064617114 ,10
4002064617121 ,0
4002064617138 ,9
4002064617220 ,24
4002064617251 ,22
4002064618005 ,2
4002064618012 ,15
4002064618050 ,3
4002064618074 ,6
4002064618081 ,3
4002064618098 ,19
4002064618104 ,0
4002064618128 ,5
4008239103765 ,3
4008239106018 ,0
4008239106025 ,8
4008239106063 ,0
4008239106100 ,10
4008239111296 ,1
4008239120038 ,78
4008239130259 ,8
4008239140296 ,17
4008239140319 ,7
4008239150264 ,20
4008239160799 ,8
4008239160966 ,9
4008239169914 ,20
4008239201416 ,14
4008239209917 ,28
4008239210036 ,22
4008239210470 ,27
4008239211804 ,11
4008239211941 ,5
4008239211965 ,7
4008239211989 ,8
4008239212245 ,20
4008239212313 ,23
4008239212375 ,6
4008239212382 ,7
4008239212436 ,7
4008239212450 ,14
4008239212542 ,10
4008239212634 ,9
4008239212641 ,10
4008239212788 ,9
4008239212887 ,13
4008239212894 ,14
4008239212900 ,16
4008239212924 ,3
4008239212948 ,14
4008239212962 ,15
4008239214270 ,3
4008239216403 ,7
4008239216410 ,6
4008239216434 ,9
4008239221193 ,5
4008239250735 ,3
4008239286468 ,6
4008239288417 ,3
4008239288431 ,3
4008239288448 ,3
4008239288455 ,3
4008239288462 ,3
4008239290915 ,3
4008239307743 ,3
4008239307750 ,0
4008239307859 ,11
4008239309587 ,6
4008239313782 ,4
4008239313850 ,4
4008239346346 ,2
4008239396501 ,5
4008239399106 ,6
4015110016410 ,1
4016598460672 ,11
4016598465639 ,6
4016598608661 ,6
4016598870501 ,0
4016598885604 ,2
40227070 ,3
40228070 ,1
4022853174819 ,5
4022853176509 ,5
40230070 ,4
41 ,5
440 ,14
441 ,3
464 ,3
4897030550140 ,7
4897030550157 ,3
48970305502100 ,0
4897030551062 ,2
4897030551086 ,2
4897030551222 ,0
4897030552100 ,1
48970305521002 ,0
4897030552946 ,1
4897030552953 ,1
4897030553141 ,1
489703055325 ,1
4897030553332 ,6
4897030553356 ,2
4897030553370 ,1
4897030553547 ,7
4897030553554 ,1
4897030553561 ,5
4897030553578 ,2
4897030553585 ,0
4897030553639 ,1
4897030553653 ,1
4897030553707 ,2
4897030553714 ,1
4897030553806 ,6
4897030553950 ,1
4897030554032 ,3
4897030554292 ,3
4897030554414 ,2
4897030555022 ,12
4897030555138 ,12
4897030555947 ,11
4897030555954 ,12
4897030556074 ,1
4897030556180 ,3
4897030556197 ,14
4897030556203 ,4
4897030556531 ,1
4897030556623 ,1
4897030557637 ,4
500ML,0
5011569008548 ,1
5023556462004 ,1
5023556462110 ,5
5023861000403 ,30
5023861000700 ,8
5023861000793 ,12
5023861000809 ,2
5023861111505 ,8
5023861111512 ,2
5023861111628 ,12
5023861111901 ,8
5023861112311 ,2
5023861112335 ,8
5023861114704 ,6
5023861114728 ,6
5023861114766 ,6
5023861114926 ,4
5023861115268 ,0
5023861115589 ,12
5023861115862 ,8
5023861115961 ,8
5023861116265 ,8
5023861116432 ,0
5023861118238 ,0
5023861118474 ,18
5023861118498 ,12
5023861118511 ,17
5023861118535 ,20
5023861118559 ,5
5023861119310 ,0
5023861119327 ,0
5023861119341 ,0
5023861119921 ,0
5023861119945 ,0
5023861119952 ,0
5023861119976 ,0
5023861120132 ,20
5023861120163 ,19
5023861121016 ,8
5023861121832 ,6
5023861121924 ,8
5028804003701 ,6
5028804101483 ,6
5168120050055 ,0
5168120400607 ,3
5168220404055 ,0
5168220605056 ,0
5168250424054 ,3
5400274256656 ,2
5400274256908 ,3
5400274256922 ,3
5400274257899 ,6
5400274258964 ,5
5400274260233 ,5
5400274262039 ,3
5400274262770 ,0
5400274270034 ,8
5400274287940 ,4
5400274292739 ,7
5400274294023 ,4
5400274302179 ,6
5400274302186 ,6
5400274302193 ,6
5400274311065 ,2
5400274314578 ,12
5400274314585 ,6
5400274314592 ,6
5400274314608 ,5
5400274314615 ,2
5400274314684 ,2
5400274363170 ,6
5400274363187 ,6
5400274363194 ,6
5400274529194 ,9
5400274531494 ,6
5400274531616 ,5
5400274680987 ,6
5400274717706 ,4
5400274717720 ,6
5400274717768 ,2
5400274730132 ,6
5400274738022 ,1
5400274750024 ,0
5400274750680 ,1
5400274753711 ,0
5400274811411 ,5
5400274822899 ,6
5400274837442 ,0
5400274892564 ,0
5400274925002 ,3
5400274954194 ,14
5400274954965 ,6
5400274954972 ,1
5400274954989 ,6
5400274958529 ,0
5400274972945 ,3
5400274982036 ,3
5400274984139 ,30
5400274984207 ,30
5400274984245 ,18
5400274984283 ,11
5400274984702 ,16
5400585002065 ,3
5400585002409 ,3
5400585003475 ,6
5400585004465 ,2
5400585004496 ,3
5400585004526 ,6
5400585004557 ,9
5400585004731 ,6
5400585004762 ,6
5400585004793 ,6
5400585004847 ,6
5400585004861 ,3
5400585005110 ,2
5400585005691 ,6
5400585005714 ,2
5400585005721 ,3
5400585005813 ,14
5400585005929 ,6
5400585007084 ,5
5400585008487 ,12
5400585008494 ,3
5400585008746 ,8
5400585009347 ,9
5400585009354 ,5
5400585010138 ,0
5400585010145 ,2
5400585010152 ,2
5400585010169 ,1
5400585010183 ,0
5400585010190 ,-1
5400585010206 ,2
5400585010657 ,1
5400585010671 ,0
5400585010695 ,0
5400585011159 ,2
5400585011418 ,6
5400585012224 ,6
5400585012866 ,3
5400585012873 ,3
5400585012880 ,3
5400585012897 ,3
5400585012903 ,2
5400585012910 ,3
5400585013528 ,2
5400585032345 ,2
5400585033069 ,10
5400585034554 ,6
5400585034585 ,5
5400585034615 ,0
5400585036473 ,3
5400585036497 ,3
5400585036510 ,3
5400585043037 ,9
5400585043099 ,3
5400585043129 ,6
5400585043150 ,6
5400585043181 ,6
5400585043211 ,4
5400585045765 ,6
5400585045796 ,2
5400585046663 ,3
5400585049060 ,6
5400585049480 ,3
5400585050417 ,6
5400585050509 ,6
5400585050806 ,12
5400585051179 ,2
5400585053128 ,3
5400585053715 ,2
5400585056433 ,6
5400585056464 ,3
5400585056495 ,2
5400585056525 ,3
5400585056655 ,6
5400585056679 ,3
5400585056693 ,2
5400585056716 ,4
5400585057003 ,0
5400585058307 ,6
5400585060140 ,6
5400585060294 ,4
5400585065688 ,1
5400585065701 ,1
5400585065725 ,0
5400585065749 ,1
5400585066906 ,5
5400585066999 ,12
5400585067040 ,5
5400585068405 ,12
5400585068467 ,1
5400585068498 ,6
5400585068511 ,0
5400585068689 ,7
5400585068924 ,6
5400585073379 ,3
5400585073409 ,3
5400585073430 ,3
5400585073478 ,2
5400585073522 ,6
5400585073584 ,5
5400585073638 ,3
5400585079432 ,1
5400585083033 ,0
5400585084313 ,1
5400585086201 ,5
5400585087741 ,13
5400585093506 ,1
5400585095012 ,5
5400585095173 ,1
5400585095203 ,4
5400585095548 ,5
5400585095609 ,4
5400585096033 ,3
5400585096064 ,5
5400585096101 ,3
5400585096163 ,3
5400585098402 ,2
5400585100327 ,5
5400585100365 ,2
5400585100402 ,3
5400585100525 ,0
5400585100815 ,3
5400585101164 ,2
5400585101416 ,0
5400585103946 ,8
5400585105049 ,9
5400585106497 ,9
5400585106626 ,4
5400585106824 ,7
5400585106855 ,13
5400585106893 ,2
5400585107371 ,3
5400585107432 ,9
5400585110692 ,0
5400585112498 ,0
5400585112504 ,4
5400585112528 ,2
5400585112542 ,2
5400585112559 ,2
5400585112566 ,2
5400585112573 ,4
5400585112597 ,4
5400585112610 ,2
5400585112689 ,5
5400585112962 ,3
5400585112993 ,7
5400585113013 ,7
5400585113037 ,1
5400585113051 ,6
5400585113099 ,6
5400585113129 ,7
5400585113150 ,8
5400585113181 ,9
5400585113204 ,5
5400585117080 ,6
5400585117110 ,6
5400585117370 ,6
5400585117400 ,6
5410340220122 ,0
5410340220979 ,1
5411290103831 ,6
5411290104821 ,6
5411290106634 ,3
5411290106665 ,3
5411290106795 ,3
5411290106825 ,3
5411290106856 ,3
5411290137522 ,3
5411290150927 ,1
5411290162029 ,4
5411290162258 ,1
5411290170475 ,9
5411290174534 ,2
5411290178853 ,2
5411290203548 ,0
5411290215763 ,2
5411290265553 ,1
5411290277051 ,3
5411290278966 ,7
5411290287739 ,6
5411290293525 ,10
5411290313971 ,4
5411290314350 ,2
5411290326285 ,6
5412087001507 ,6
5412087004218 ,3
5413500002095 ,0
5415245055008 ,3
5415245055503 ,7
5415245129709 ,6
5415245134208 ,4
5415245134307 ,3
5415245135403 ,6
5415245149202 ,2
5415245149905 ,10
5415245150000 ,5
5415245151502 ,5
5415245151601 ,6
5415245152004 ,3
5415245152509 ,5
5415245152707 ,5
5415245152806 ,6
5415245152905 ,12
5415245396705 ,6
5415245438801 ,9
5906485672303 ,4
600 ,1
600001 ,3
600003 ,0
600016 ,0
6215445421271 ,3
6215454621455 ,83
624 ,2
6287005810030 ,1
6287008500068 ,15
6287008500075 ,26
6287008500105 ,4
6287008500112 ,3
6500201760030 ,0
6500201790457 ,2
660 ,3
671875796871 ,10
671875796888 ,12
671875796918 ,9
67714102000 ,75
67714102017 ,71
67714102024 ,62
67714102031 ,0
67714102048 ,0
67714102062 ,68
67714102109 ,39
67714102116 ,60
67714102147 ,48
67714982046 ,0
67714982053 ,0
67714982084 ,1
67714982138 ,5
67714982145 ,0
67714982152 ,2
67714982190 ,1
67714982206 ,3
67714982213 ,0
67714982350 ,5
67714982411 ,0
67714982534 ,0
67714982541 ,0
67714982565 ,0
67714982572 ,0
67714982633 ,4
67714982671 ,4
67714982718 ,2
67714982749 ,0
67714982756 ,4
67714982800 ,0
67714982817 ,0
67714982848 ,5
67714982855 ,0
67714985924 ,1
67714985948 ,1
67714985955 ,1
687 ,0
6911237210169 ,49
6920840306862 ,23
6920840312085 ,2
6920840312375 ,2
6920840312382 ,3
6948915025698 ,9
6948915070678 ,2
6970569710235 ,1
6970569710686 ,0
6970569710983 ,0
6970569711065 ,1
6970569712222 ,2
6970569714035 ,5
6970664982964 ,0
700034 ,0
701029001244 ,8
701029001251 ,6
701029001572 ,3
701029007024 ,3
701029007444 ,2
701029007512 ,2
701029007536 ,8
701029007598 ,3
701029007932 ,2
701029007949 ,3
701029101425 ,5
701029101449 ,15
701029101470 ,2
701029101494 ,3
701029101517 ,2
701029101623 ,4
701029101708 ,5
701029101739 ,20
701029101777 ,26
701029101784 ,6
701029101807 ,9
701029101913 ,5
701029101920 ,1
701029103009 ,4
701029103023 ,11
701029103030 ,6
701029106017 ,6
701029107328 ,11
701029107335 ,17
701029108042 ,6
701029108059 ,6
701029108073 ,6
701029108103 ,6
701029108264 ,11
701029108271 ,3
701029108325 ,6
701029108332 ,4
701029108424 ,1
701029108448 ,5
701029108523 ,6
701029108592 ,6
701029108639 ,6
701029108646 ,6
701029108899 ,4
701029150805 ,3
701029157101 ,3
701029157125 ,2
701029157309 ,3
701029157385 ,3
701029157521 ,3
701029157545 ,3
701029157750 ,5
701029157767 ,5
701029157842 ,3
701029158078 ,2
701029160095 ,6
701029160149 ,8
701029160156 ,3
701029160224 ,3
701029160231 ,3
701029160248 ,3
701029160330 ,3
701029160347 ,2
701029160361 ,3
701029160439 ,3
701029162549 ,6
701029165014 ,3
701029165021 ,3
701029200036 ,6
701029210004 ,1
701029210035 ,5
701029210066 ,11
701029210073 ,4
701029210080 ,7
701029210097 ,9
701029210110 ,8
701029210127 ,10
701029210134 ,5
701029210202 ,3
701029210219 ,8
701029210226 ,6
701029210233 ,6
701029210257 ,6
701029210264 ,5
701029210271 ,5
701029210363 ,3
701029210530 ,5
701029210745 ,5
701029210769 ,4
701029210929 ,0
701029211025 ,5
701029211230 ,4
701029211407 ,8
701029211506 ,3
701029211513 ,4
701029211803 ,6
701029211858 ,6
701029211865 ,11
701029211889 ,11
701029211902 ,4
701029211919 ,4
701029211926 ,6
701029211940 ,6
701029211964 ,3
701029211971 ,3
701029211988 ,2
701029212008 ,1
701029212015 ,1
701029212022 ,3
701029212039 ,3
701029212060 ,4
701029212077 ,4
701029212107 ,6
701029212152 ,6
701029212169 ,3
701029212213 ,2
701029230828 ,6
701029230835 ,6
701029230842 ,5
701029230859 ,2
701029231016 ,4
701029231023 ,5
701029231030 ,4
701029310124 ,2
701029310148 ,2
701029310193 ,2
701029310254 ,3
701029310643 ,8
701029377813 ,6
701029377820 ,6
701029378629 ,1
701029378919 ,6
701029378926 ,5
701029555587 ,4
701029555594 ,3
701029576117 ,5
701029576155 ,6
701029576162 ,3
701029576551 ,4
701029810020 ,12
701029810068 ,6
701029810150 ,13
701029810181 ,3
701029825024 ,3
701029825499 ,6
701029827080 ,6
701029827110 ,6
701029827127 ,6
701029827134 ,6
701029827271 ,3
701029829480 ,4
701029829602 ,3
701029905054 ,1
701029905078 ,1
727 ,2
73091020622 ,4
7531824361426 ,0
75ML,16
780824121005 ,11
780824127359 ,12
784369555547 ,3
8001254010052 ,0
8001254010090 ,0
8005852750532 ,0
8005856750347 ,0
8006751025073 ,24
8006751025097 ,12
8006751025103 ,6
8006751025110 ,24
8006751058750 ,6
8006751094567 ,0
8006751345201 ,3
8006751346932 ,0
8006751355354 ,3
8006751356450 ,0
8006751388437 ,0
8006751400016 ,0
8006751400023 ,0
8009632007700 ,13
8009632008646 ,0
8009632008653 ,0
8009632008660 ,0
8009632008677 ,2
8009632008691 ,2
8009632010823 ,1
8009632010984 ,12
8009632011134 ,11
8009632011141 ,11
8009632015873 ,11
8009632015880 ,13
8009632015903 ,13
8009632015910 ,12
8009632020570 ,6
8009632020594 ,6
8009632022338 ,12
8009632024448 ,5
8009632024561 ,10
8009632024585 ,6
8009632024837 ,33
8009632024844 ,21
8009632027753 ,5
8009632027760 ,6
8009632027777 ,3
8009632029184 ,2
8009632033907 ,2
8009632036984 ,20
8009632036991 ,11
8009632037004 ,10
8009632038643 ,3
8009632038698 ,2
8009632039251 ,5
8009632039268 ,6
8009632039275 ,3
8009632039282 ,3
8009632039299 ,3
8009632039312 ,3
8009632039350 ,6
8009632039367 ,12
8009632039374 ,12
8009632039381 ,12
8009632039398 ,6
8009632039404 ,9
8009632039411 ,10
8009632039428 ,6
8009632039527 ,8
8009632039831 ,11
8009632039848 ,9
8009632039855 ,12
8009632039893 ,3
8009632039909 ,3
8009632039916 ,3
8009632039923 ,6
8009632039954 ,3
8009632039961 ,3
8009632040028 ,6
8009632040097 ,6
8009632040103 ,3
8009632040110 ,11
8009632040202 ,6
8009632040226 ,7
8009632040257 ,2
8009632040264 ,11
8009632040271 ,2
8009632040295 ,9
8009632040301 ,12
8009632040318 ,12
8009632040325 ,3
8009632040356 ,2
8009632040363 ,3
8009632040370 ,3
8009632040394 ,12
8009632040400 ,0
8009632040448 ,12
8009632040455 ,12
8009632040462 ,5
8009632040493 ,2
8009632040509 ,3
8009632040516 ,3
8009632040530 ,3
8009632040547 ,5
8009632040554 ,3
8009632040585 ,10
8009632040592 ,12
8009632040615 ,2
8009632040622 ,3
8009632040639 ,6
8009632040707 ,12
8009632040745 ,6
8009632040806 ,12
8009632040820 ,3
8009632040837 ,4
8009632040851 ,6
8009632040868 ,3
8009632040875 ,6
8009632050744 ,6
8009632050935 ,6
8009632050959 ,6
8009632051116 ,3
8009632051130 ,5
8009632051147 ,6
8009632051154 ,3
8009632051222 ,3
8009632051260 ,12
8009632051390 ,5
8009632051819 ,1
8009632051833 ,1
8009632051840 ,1
8009632051871 ,1
8009632051918 ,5
8009632051925 ,6
8009632052267 ,0
8009632052274 ,1
8009632052281 ,1
8009632052298 ,1
8009632052809 ,5
8009632053134 ,6
8009632053141 ,6
8009632053158 ,5
8009632053165 ,6
8009632053172 ,9
8009632053370 ,5
8009632054155 ,4
8009632054162 ,4
8009632054186 ,3
8009632054193 ,4
8009632054209 ,3
8009632054247 ,4
8009632054254 ,3
8009632054261 ,3
8009632054285 ,5
8009632054292 ,5
8009632054391 ,2
8009632054537 ,1
8009632054599 ,6
8009632054612 ,6
8009632054643 ,3
8009632054704 ,6
8009632054711 ,6
8009632054728 ,2
8009632054766 ,6
8009632054773 ,12
8009632055206 ,13
8009632055305 ,0
8009632055527 ,8
8009632055558 ,8
8009632055572 ,8
8009632055633 ,3
8009632055640 ,2
8009632055657 ,1
8009632055664 ,1
8009632055671 ,1
8009632055688 ,1
8009632055701 ,1
8010690051857 ,2
8010690056517 ,12
8010690088983 ,6
8010690105161 ,11
8010690165165 ,5
8011469995563 ,3
8011469995839 ,4
8015912503077 ,31
8015912503084 ,0
8015912503091 ,16
8015912503107 ,31
8015912503114 ,30
8015912503190 ,1
8015912503206 ,0
8015912503213 ,0
8015912503220 ,0
8015912503237 ,19
8015912503244 ,16
8015912503251 ,24
8015912503398 ,0
8015912503404 ,15
8015912503633 ,23
8015912504050 ,11
8015912504074 ,24
8015912504319 ,21
8015912504333 ,22
8015912504357 ,21
8015912504654 ,46
8015912504661 ,44
8015912504678 ,43
8015912505255 ,3
8015912505262 ,6
8015912505767 ,11
8015912505842 ,32
8015912505859 ,30
8015912505866 ,32
8015912506085 ,46
8015912506092 ,0
8015912506108 ,19
8015912506115 ,31
8015912506122 ,61
8015912506733 ,24
8015912506740 ,6
8015912507396 ,59
8015912507402 ,65
8015912507419 ,88
8015912507426 ,63
8015912507433 ,63
8015912507440 ,60
8015912508058 ,23
8015912509154 ,22
8022967012850 ,10
8022967022521 ,10
8022967032025 ,6
8022967038980 ,2
8022967039246 ,0
8022967040594 ,3
8022967040747 ,5
8022967049030 ,0
8022967049047 ,15
8022967062084 ,6
8023222009295 ,0
8023222012752 ,6
8023222012769 ,6
8023222013025 ,6
8023222013032 ,11
8023222013070 ,6
8023222013377 ,6
8023222013483 ,6
8023222013513 ,5
8023222031951 ,0
8023222050242 ,24
8023222053953 ,6
8023222056466 ,0
8023222056596 ,0
8023222056602 ,0
8023222060890 ,2
8023222061033 ,0
8023222063792 ,1
8023222064157 ,7
8023222084896 ,4
8023222089563 ,0
8023222092723 ,0
8023222094178 ,3
8023222114753 ,3
8023222114760 ,6
8023222115088 ,4
8023222124301 ,6
8023222134461 ,1
8023222137455 ,1
8023222139756 ,4
8023222140288 ,6
8023222142794 ,0
8023222145139 ,1
8023222146952 ,0
8023222158054 ,3
8023222162235 ,5
8023222175228 ,5
8023222181946 ,1
8023222184169 ,1
8023222187061 ,10
8031398000817 ,0
8031398000831 ,2
8031398128542 ,0
8031398128566 ,0
8033776760689 ,11
8033776762102 ,5
8033776765080 ,10
8033776766780 ,1
80520 ,1
8058093270208 ,4
8058093271991 ,2
8058093272653 ,0
8058093272660 ,2
8058093272677 ,2
8058093272868 ,0
8058093273353 ,0
8058773274519 ,1
8058773274618 ,1
8058773274625 ,1
8058773274816 ,1
8058773274823 ,1
8058773274830 ,1
8058773274915 ,1
8058773274922 ,1
8058773274946 ,1
8058773274984 ,1
8058773274991 ,1
8058773275004 ,1
8058773275011 ,1
8058773275028 ,1
8058773275035 ,1
8058773275479 ,1
8058773275486 ,1
8058773275493 ,1
8058773275509 ,1
8058773275516 ,1
8058773275523 ,1
8058773275530 ,1
8058773275547 ,1
8058773275684 ,1
8058773275691 ,1
8058773275707 ,1
8058773275714 ,1
8058773275721 ,1
8058773275776 ,1
8058773275783 ,1
8058773275790 ,1
8058773275806 ,1
8058773276155 ,1
8058773276162 ,1
8058773276179 ,1
8058773276186 ,1
8058773276193 ,1
8058773276209 ,1
8058773276384 ,1
8058773276445 ,1
8058773276483 ,1
8058773276490 ,1
8058773276520 ,1
8058773276537 ,1
8058773277107 ,1
8058773277121 ,1
8058773277138 ,1
8058773277145 ,1
8058773277176 ,1
8058773277336 ,1
8058773277343 ,1
8058773277350 ,1
8058773277381 ,1
8058773277398 ,1
8058773277404 ,1
8058773277466 ,1
8058773277473 ,1
8058773277503 ,1
8058773277572 ,1
8058773277589 ,1
8058773277657 ,1
8058773277671 ,1
8058773277718 ,1
8058773277763 ,1
8058773277879 ,1
8058773278036 ,1
8058773278050 ,1
8058773278067 ,1
818628021853 ,3
8411514032302 ,1
8411514803643 ,3
8414580000169 ,15
8414580001715 ,23
8414580004686 ,45
8414580004693 ,33
8414580005348 ,5
8414580005379 ,5
8414580008967 ,12
8429886000300 ,0
8429886000317 ,0
8429886000324 ,0
8429886000447 ,0
8429886000461 ,0
8429886000607 ,0
8429886000676 ,0
8429886000720 ,1
8429886001000 ,0
8429886001017 ,4
8429886001284 ,11
8429886001567 ,4
8429886002106 ,0
8429886002229 ,0
8429886002502 ,0
8429886008191 ,0
8429886008290 ,2
8429886008313 ,0
8429886008351 ,2
8429886008375 ,0
8429886008399 ,1
8429886008405 ,0
8429886008801 ,7
8429886008818 ,2
8429886008900 ,0
8429886019562 ,0
8429886019579 ,0
8429886019593 ,0
8429886019609 ,1
8429886020100 ,2
8429886020216 ,0
8429886020230 ,0
8429886020490 ,1
8429886020520 ,0
8429886020605 ,0
8429886020681 ,1
8429886021961 ,3
8429886021978 ,3
8429886022463 ,2
8429886022517 ,0
8429886022531 ,0
8429886022593 ,0
8429886022609 ,0
8429886022616 ,0
8429886022623 ,3
8429886022944 ,1
8429886022968 ,0
8429886024467 ,3
8429886024474 ,7
8429886024603 ,2
8429886024627 ,2
8429886024672 ,0
8429886024696 ,0
8429886024702 ,0
8429886024771 ,0
8429886024955 ,0
8429886024962 ,1
8429886024993 ,0
8429886025013 ,0
8429886025020 ,1
8429886025044 ,1
8429886025075 ,0
8429886025181 ,0
843775107037 ,0
843775107068 ,0
843775107099 ,1
843775107570 ,0
843775107587 ,0
843775107617 ,0
843775107624 ,1
843775107655 ,1
843775107662 ,0
843775107679 ,1
843775107686 ,1
843775107945 ,0
843775107952 ,1
843775107976 ,0
843775107983 ,1
843775108027 ,0
843775108058 ,0
843775108171 ,1
843775108188 ,0
843775108294 ,0
843775108447 ,0
856211005026 ,2
856211005033 ,3
856211005057 ,11
856211005071 ,12
856211005101 ,10
856211005118 ,8
8698995010580 ,4
8698995010689 ,7
8698995011235 ,5
8698995011242 ,10
8698995011334 ,3
8698995019712 ,0
8698995019736 ,8
8698995019743 ,0
8698995019767 ,0
8698995019774 ,14
8699245856262 ,0
8711231101467 ,6
8711231101474 ,6
8711231103324 ,27
8711231109029 ,6
8711231109111 ,6
8711231112852 ,4
8711231115327 ,0
8711908290005 ,28
8711908291002 ,29
8711908292009 ,24
8852084172836 ,42
8852084172843 ,43
8852084172850 ,44
8852084172867 ,46
8852084172898 ,44
8852084172904 ,38
8852084173239 ,16
8852084173253 ,42
8852084173260 ,33
8852084173277 ,37
900003 ,0
900006 ,0
900013 ,3
900014 ,3
900016 ,3
900024 ,0
900025 ,5
900031 ,4
900083 ,0
97612360608 ,6
97612361001 ,6
A200ML,44
A25,1
P703,1
P704,0
P859-B,6
P877-A,1
V001,18
V002,20
V004,-1
V019,1
XF50322,3
XF50323,2
XF50329,2
YT79975,11