code,qty
000014,22
000018,-1
000024,83
000025,86
000027,89
000028,69
0000R2,1
0000R3,12
00035Y,0
000P2-2,0
000V2,2
0010KG,0
00440,6
00441,1
00600,0
00660,1
00685A,4
007B,20
00931B,0
00A002,46
00A004,7
00A20,0
00A22,3
00A24,0
00A300,40
00A31,0
00A52,0
00A56,3
00B1,0
00HA104,44
00V4,0
0134,5
030172007888,0
030172057892,0
030172058189,0
030172058219,0
030172058233,1
030172058288,0
030172058295,0
030172058325,0
030172058332,0
030172058363,0
067714102222,8
067714102239,-1
067714102253,2
067714102284,17
067714102291,1
067714102307,13
067714102321,4
067714102338,13
067714102345,0
067714102383,4
067714102413,17
067714102420,11
067714102451,23
067714102468,1
067714102499,17
067714102505,0
067714102536,16
067714102543,0
067714102550,14
067714102567,0
067714102598,13
067714102604,0
067714102611,17
067714102628,4
067714102635,11
067714102703,124
067714102710,14
067714102727,7
067714102734,18
067714102741,9
067714102758,72
067714102765,14
067714102772,82
067714102789,16
067714102819,144
067714102826,12
067714102833,121
067714102840,14
071859475103,1
071859475110,0
097612360608,3
097612361001,0
097612660104,0
1000238 ,1
100107 ,27
10102 ,10300
10103 ,240
10104 ,339
10105 ,10
10106 ,5
10107 ,1
103 ,5
106 ,11
10838200787 ,0
10ML,0
1130 ,2
1168630410602 ,0
1168630512092 ,16
1168630612242 ,13
1168638421907 ,18
1168638899591 ,3
1168638922909 ,1
1168638923906 ,2
121 ,1
1212 ,25
122 ,0
1230 ,24
125ML,1
127 ,2
128 ,0
129 ,2
131 ,28
150017 ,30
1530 ,41
17 ,21
1721612020123 ,8
1722612020120 ,18
1723612020127 ,3
180ML,23
1825 ,7
1B1158,22
1B1160,7
1B1176,3
1C2011,2
1C2012,1
1C2107,3
1C2206,0
1C2207,0
1C2208,0
1C2211,0
1C2213,0
1C2215,0
1C2217,0
1C2302,0
1C2303,0
2000300243051 ,0
2000300243426 ,0
2000900256291 ,3
20ML,5
2168630347600 ,4
2168638050281 ,1
2168638051271 ,0
2168638092717 ,4
23 ,9
250ML,5
2659362464418 ,1
2659362464425 ,22
2659362464432 ,37
2659362464449 ,76
2659362464517 ,0
2659362464524 ,8
2659362465019 ,12
2659362465026 ,0
2659362465118 ,49
2659362465125 ,14
2659362465132 ,28
2659362465149 ,120
2659362465316 ,102
2659362465330 ,0
2659362465347 ,0
2659362465712 ,108
2659362465729 ,2
2659362465736 ,66
2659362541379 ,0
2659362689873 ,0
2659364312823 ,0
2659367050487 ,12
2659367107068 ,9
2659367136013 ,5
2659367136037 ,2
2659367141116 ,55
2659367141123 ,16
2659367141130 ,82
2659367141147 ,38
2659367141413 ,11
2659367141420 ,0
2659367154130 ,0
2659367171878 ,0
2659367207065 ,0
2659367236041 ,0
2659367242196 ,1
2659367242516 ,20
2659367242561 ,0
2659367242592 ,34
2659367242653 ,1
2659367246545 ,44
2659367250474 ,10
2659367260336 ,-1
2659367261937 ,22
2659367267328 ,0
2659367267526 ,0
2659367267564 ,0
2659367267588 ,3
2659367267595 ,5
2659367267649 ,0
2659367267670 ,12
2659367267724 ,0
2659367267731 ,2
2659367267762 ,0
2659367267779 ,15
2659367267786 ,-10
2659367267793 ,13
2659367267809 ,0
2659367267816 ,16
2659367267823 ,0
2659367267830 ,11
2659367267847 ,25
2659367267854 ,1
2659367267861 ,1
2659367267878 ,9
2659367267885 ,0
2659367267892 ,0
2659367267922 ,0
2659367267939 ,1
2659367267946 ,1
2659367267977 ,4
2659367275019 ,49
2659367275026 ,0
2659367275514 ,94
2659367344210 ,2
2659367344227 ,3
2659367344234 ,63
2659367344241 ,14
2659367344715 ,0
2659367344722 ,0
2659367431286 ,0
2659367431545 ,8
2659367504911 ,1
2659367518475 ,0
2659367683722 ,0
2659367706087 ,8
2659367706339 ,1
2659367706742 ,0
2659367714136 ,103
2659367723138 ,0
2659367730563 ,3
2659367731515 ,0
2659367734189 ,14
2659367734448 ,0
2659367736077 ,0
2659367753845 ,1
2659367756198 ,0
2659367756846 ,0
2659367774635 ,24
2659367799744 ,0
2659367799751 ,6
2659367800051 ,0
2659367820677 ,0
2659367823319 ,1
2659367823357 ,12
2659367824279 ,27
2659367824361 ,77
2659367824378 ,0
2659367824385 ,9
2659367824392 ,7
2659367824422 ,1
2659367824446 ,6
2659367824453 ,25
2659367825085 ,3
2659367985055 ,0
2659367985062 ,0
2659367985079 ,11
2659367985093 ,0
2659367985475 ,0
2659367985482 ,0
2659367985499 ,0
2659367985864 ,0
2659367986281 ,0
2659367986298 ,0
2659367986359 ,0
2659367986366 ,0
2659367986380 ,0
2659367986397 ,0
2659367986434 ,0
2659367986441 ,0
2659367986540 ,0
2659367986823 ,0
2659367986830 ,0
2659367986847 ,0
2659367987929 ,0
2659367987936 ,0
2659367987943 ,0
2659367987950 ,0
2659367988414 ,1
2659367988445 ,0
2659367988469 ,0
2659367988896 ,0
2659367991520 ,11
2659367991810 ,0
2659367991827 ,41
2659367998963 ,28
2659367999403 ,33
30 ,53
300001 ,0
300021 ,2
300027 ,0
300028 ,12
300034 ,0
300037 ,1
300038 ,0
300042 ,1
300045 ,1
300054 ,2
300061 ,0
300068 ,2
300069 ,3
300096 ,1
3002 ,2
3003 ,4
30172024313 ,8
30172071508 ,12
30172080272 ,21
30172080289 ,0
30172372018 ,7
30172830747 ,10
3168638063365 ,5
3182550702157 ,0
3182550702201 ,0
3182550702225 ,0
3182550702379 ,0
3182550702423 ,0
3182550707305 ,0
3182550707312 ,0
3182550707329 ,0
3182550721745 ,0
3281014056734 ,5
3281014056741 ,1
3288380911360 ,0
3336020056237 ,0
3336020061316 ,2
3336021340175 ,1
3336021340205 ,0
3336021340557 ,3
3336021371506 ,-2
3336021371513 ,0
3336021371520 ,1
3336021371537 ,0
3336021371544 ,0
3336021390705 ,0
3336021390712 ,0
3336021390729 ,0
3336021390750 ,0
3336021390781 ,0
3336021390798 ,0
3336021870402 ,0
3336021870426 ,3
3336022030242 ,0
3336022056235 ,0
3336022063653 ,1
3336022063714 ,9
3336022065442 ,1
3336022065459 ,0
3336022067248 ,6
3336022067255 ,0
3336022120172 ,0
3336022800173 ,0
3336022800180 ,0
3336022800197 ,0
3336022800203 ,0
3336023071763 ,1
3336023071770 ,0
3336023071787 ,0
3336023071800 ,0
3336023071817 ,0
3336023071831 ,0
3336023460192 ,3
3336023460260 ,0
3336023460505 ,0
3336023521138 ,0
3336023521152 ,21
3336023521169 ,50
3336023521237 ,22
3336023521312 ,3
3336023521329 ,14
3336023521336 ,5
3336023521374 ,0
3336024001561 ,0
3336024234204 ,0
3336024707012 ,0
3336024707104 ,0
3336024707111 ,1
3336024707203 ,0
3336024811238 ,17
3336024827000 ,0
3336024827062 ,0
3336024827116 ,0
3336024827208 ,1
3336024827253 ,-1
3336024827284 ,0
3336024827376 ,0
3336025040651 ,0
3336025040675 ,1
3336025100102 ,2
3336025100119 ,0
3336025100126 ,3
3336025100256 ,1
3336025100263 ,5
3336025100270 ,4
3336025100409 ,0
3336025101703 ,2
3336025101819 ,0
3336025461319 ,0
3336025461418 ,0
3336026040902 ,1
3336026101818 ,5
3336026702602 ,3
3336026702619 ,3
3336026702756 ,1
3336026702763 ,0
3336026702770 ,2
3336027101701 ,5
3336027101817 ,4
3336028234460 ,1
3336029056221 ,1
3336029056238 ,0
3336029234483 ,1
3336029461414 ,2
3336029961310 ,4
3336029961358 ,0
3336029991317 ,0
3507614811109 ,0
3507614811116 ,1
3507614811208 ,0
350ML,11
35368002106 ,2
35368002151 ,3
35368002212 ,1
35368002540 ,1
35368003042 ,4
35368003097 ,3
35368003608 ,1
35368202155 ,0
35368202216 ,2
35368203046 ,1
35585447025 ,4
3661726000360 ,0
4 ,94
400001 ,2
400016 ,0
4000498023808 ,0
4002064201337 ,0
4002064201368 ,0
4002064201405 ,0
4002064201580 ,0
4002064205045 ,9
4002064205052 ,-4
4002064205069 ,1
4002064205106 ,0
4002064205113 ,1
4002064205144 ,0
4002064205151 ,0
4002064205168 ,1
4002064400167 ,0
4002064400174 ,0
4002064400259 ,0
4002064400686 ,14
4002064400693 ,7
4002064400709 ,18
4002064400716 ,67
4002064400723 ,55
4002064400730 ,12
4002064400747 ,47
4002064401065 ,0
4002064401362 ,37
4002064401393 ,58
4002064401423 ,0
4002064401874 ,0
4002064401881 ,27
4002064402109 ,5
4002064406091 ,20
4002064406268 ,0
4002064406282 ,58
4002064406756 ,46
4002064406763 ,37
4002064406787 ,11
4002064407005 ,4
4002064407364 ,4
4002064407517 ,-21
4002064408064 ,16
4002064408804 ,0
4002064409139 ,18
4002064409146 ,17
4002064409436 ,16
4002064412887 ,2
4002064412900 ,19
4002064412917 ,0
4002064412948 ,397
4002064412962 ,4
4002064412979 ,3
4002064413082 ,0
4002064413099 ,136
4002064413105 ,101
4002064413112 ,7
4002064413129 ,587
4002064413143 ,101
4002064413150 ,147
4002064413242 ,0
4002064413266 ,393
4002064413273 ,518
4002064414157 ,35
4002064414164 ,17
4002064414171 ,32
4002064414508 ,0
4002064414515 ,-9
4002064414584 ,0
4002064414591 ,0
4002064417080 ,17
4002064417127 ,9
4002064417233 ,0
4002064417240 ,30
4002064417370 ,15
4002064417462 ,7
4002064417646 ,11
4002064418261 ,0
4002064418285 ,4
4002064418391 ,9
4002064418407 ,37
4002064418421 ,0
4002064418551 ,0
4002064418575 ,38
4002064418612 ,0
4002064418629 ,6
4002064418643 ,35
4002064418650 ,34
4002064418667 ,94
4002064418674 ,13
4002064418711 ,14
4002064418735 ,1
4002064418865 ,42
4002064418872 ,65
4002064420387 ,74
4002064420394 ,6
4002064420400 ,16
4002064420448 ,1
4002064420523 ,0
4002064420530 ,0
4002064420615 ,5
4002064421025 ,-10
4002064421032 ,24
4002064421124 ,32
4002064421223 ,18
4002064430003 ,7
4002064430010 ,37
4002064430027 ,3
4002064430058 ,0
4002064430065 ,0
4002064500126 ,6
4002064500188 ,18
4002064501284 ,2
4002064501307 ,6
4002064501345 ,8
4002064504728 ,0
4002064504735 ,0
4002064504742 ,0
4002064504766 ,0
4002064504773 ,0
4002064504780 ,0
4002064504810 ,14
4002064504827 ,23
4002064504841 ,50
4002064504858 ,44
4002064504865 ,0
4002064505305 ,9
4002064506074 ,29
4002064512242 ,8
4002064512259 ,4
4002064512266 ,0
4002064512280 ,0
4002064512297 ,0
4002064512303 ,4
4002064512310 ,1
4002064512327 ,12
4002064513003 ,61
4002064513041 ,-8
4002064513065 ,6
4002064514468 ,-1
4002064514482 ,0
4002064514604 ,0
4002064514611 ,0
4002064514628 ,14
4002064514635 ,-14
4002064514734 ,14
4002064514741 ,14
4002064514802 ,16
4002064514819 ,12
4002064514826 ,11
4002064514833 ,4
4002064514840 ,3
4002064514857 ,8
4002064514864 ,0
4002064514871 ,15
4002064514888 ,12
4002064514895 ,6
4002064514901 ,22
4002064541730 ,0
4002064541747 ,0
4002064541754 ,0
4002064541761 ,0
4002064541792 ,2
4002064605111 ,21
4002064605128 ,32
4002064617107 ,0
4002064617114 ,2
4002064617121 ,-2
4002064617138 ,9
4002064617220 ,1
4002064617251 ,65
4002064618005 ,-5
4002064618012 ,28
4002064618050 ,7
4002064618074 ,18
4002064618081 ,2
4002064618098 ,4
4002064618104 ,-3
4002064618128 ,0
4008239103765 ,0
4008239106018 ,34
4008239106025 ,0
4008239106063 ,0
4008239106100 ,0
4008239111296 ,23
4008239120038 ,102
4008239120120 ,57
4008239120137 ,27
4008239121493 ,88
4008239130167 ,1
4008239133694 ,12
4008239140296 ,39
4008239140319 ,0
4008239140517 ,0
4008239150264 ,23
4008239155559 ,11
4008239158871 ,1
4008239159021 ,1
4008239159045 ,3
4008239159922 ,-12
4008239159946 ,0
4008239160799 ,0
4008239160966 ,5
4008239169914 ,44
4008239201416 ,1
4008239209917 ,0
4008239210036 ,64
4008239210470 ,182
4008239211804 ,85
4008239211941 ,31
4008239211965 ,7
4008239211989 ,35
4008239212245 ,-45
4008239212313 ,19
4008239212375 ,6
4008239212382 ,-16
4008239212436 ,28
4008239212450 ,48
4008239212542 ,112
4008239212573 ,0
4008239212634 ,12
4008239212641 ,-54
4008239212788 ,-39
4008239212887 ,46
4008239212894 ,52
4008239212900 ,31
4008239212924 ,21
4008239212948 ,47
4008239212962 ,38
4008239214270 ,51
4008239216403 ,16
4008239216410 ,31
4008239216434 ,10
4008239220523 ,0
4008239221193 ,-1
4008239242617 ,0
4008239250155 ,0
4008239250438 ,0
4008239250735 ,0
4008239251947 ,0
4008239252234 ,0
4008239286468 ,12
4008239286567 ,14
4008239288417 ,1
4008239288448 ,4
4008239288455 ,2
4008239288462 ,1
4008239290915 ,0
4008239307743 ,0
4008239307835 ,0
4008239309587 ,11
4008239310217 ,26
4008239310330 ,4
4008239310514 ,67
4008239313782 ,13
4008239313799 ,4
4008239313843 ,11
4008239313850 ,14
4008239343567 ,0
4008239343574 ,0
4008239346346 ,0
4008239366641 ,0
4008239398833 ,17
4008239399564 ,1
4012496000125 ,14
4012496000859 ,4
4012496000927 ,3
4012496008336 ,22
4012496008350 ,6
4012496010681 ,2
4012496010698 ,2
4012496220011 ,8
4012496220035 ,4
4012496220103 ,6
4012496220172 ,2
4012496220202 ,14
4012496220233 ,2
4012496220240 ,5
4012496220318 ,1
4012496220349 ,10
4016598460672 ,12
4016598465639 ,6
4016598608661 ,5
4016598649671 ,3
4016598681701 ,0
4016598870501 ,3
4016598885604 ,0
40227070 ,43
40228070 ,13
4022853067036 ,1
4022853067234 ,0
4022853067296 ,0
4022853067340 ,1
4022853069269 ,1
4022853069481 ,4
4022853072658 ,1
4022853075017 ,1
4022853076366 ,1
4022853076373 ,4
4022853076434 ,2
4022853076441 ,5
4022853076533 ,3
4022853076595 ,3
4022853076618 ,5
4022853076700 ,1
4022853076755 ,2
4022853076779 ,2
4022853077691 ,1
4022853077905 ,1
4022853079534 ,2
4022853080851 ,5
4022853087355 ,3
4022853087386 ,4
4022853093547 ,2
4022853093844 ,1
4022853093929 ,1
4022853104298 ,1
4022853104304 ,0
4022853104847 ,1
4022853104878 ,1
4022853104885 ,2
4022853114020 ,0
4022853114044 ,0
4022853119858 ,1
4022853124678 ,0
4022853130235 ,0
4022853133144 ,0
4022853152411 ,3
4022853152633 ,1
4022853157270 ,1
4022853157638 ,2
4022853157645 ,2
4022853157652 ,5
4022853157669 ,1
4022853157676 ,1
4022853159540 ,4
4022853164186 ,2
4022853164193 ,3
4022853165213 ,3
4022853170354 ,9
4022853170798 ,7
4022853174819 ,10
4022853175830 ,11
4022853176097 ,1
4022853176479 ,0
4022853176509 ,0
4022853176660 ,0
4022853176745 ,6
4022853176776 ,6
4022853176806 ,7
4022853176882 ,4
4022853178879 ,2
4022853183255 ,1
4022853183262 ,1
4022853183859 ,1
4022853183866 ,3
4022853183897 ,0
4022853183927 ,4
4022853183941 ,0
4022853183972 ,2
4022853184009 ,2
4022853184016 ,0
4022853184269 ,9
4022853184276 ,10
4022853184283 ,6
4022853184306 ,1
4022853184351 ,2
4022853191861 ,1
4022853194299 ,8
4022853194374 ,2
4022853194381 ,2
4022853194398 ,1
4022853194411 ,4
4022853194459 ,1
4022853194640 ,3
4022853194664 ,5
4022853194954 ,3
40229070 ,7
40230070 ,21
41 ,27
4168638060813 ,10
4168638060820 ,0
4168638060844 ,3
4168638998499 ,0
4168920040301 ,2
4168920040318 ,3
4547410173796 ,0
4547410197020 ,0
4547410225754 ,0
4547410241587 ,0
4547410280821 ,0
4547410282160 ,0
4547410341300 ,0
4547410341317 ,0
4547410349450 ,10
4547410349467 ,6
4547410349474 ,1
4547410349481 ,7
4547410349498 ,9
4547410354843 ,0
464 ,2
4771317243454 ,0
4771317243546 ,0
4771317250032 ,0
486 ,4
4897030550102 ,8
4897030550157 ,0
4897030550164 ,7
48970305502100 ,3
4897030550750 ,2
4897030551062 ,3
4897030551086 ,0
4897030551222 ,0
4897030552100 ,2
48970305521000 ,1
48970305521002 ,2
48970305521500 ,1
4897030552200 ,1
4897030552816 ,4
4897030552946 ,0
4897030552953 ,0
4897030553134 ,1
4897030553141 ,0
489703055325 ,0
4897030553332 ,0
4897030553356 ,4
4897030553370 ,4
4897030553547 ,2
4897030553554 ,0
4897030553561 ,3
4897030553578 ,1
4897030553585 ,0
4897030553639 ,1
4897030553653 ,1
4897030553707 ,9
4897030553714 ,6
4897030553806 ,21
4897030553950 ,5
4897030554032 ,0
4897030554049 ,2
4897030554094 ,26
4897030554162 ,15
4897030554247 ,5
4897030554261 ,0
4897030554292 ,6
4897030554308 ,7
4897030554414 ,3
4897030554711 ,16
4897030554728 ,42
4897030554735 ,13
4897030554759 ,20
4897030554773 ,20
4897030554780 ,1
4897030554810 ,50
4897030555022 ,6
4897030555138 ,5
4897030555145 ,4
4897030555312 ,2
4897030555787 ,3
4897030555947 ,0
4897030555954 ,8
4897030556081 ,1
4897030556159 ,52
4897030556166 ,9
4897030556197 ,0
4897030556203 ,30
4897030556319 ,7
4897030556340 ,1
4897030556364 ,4
4897030556388 ,4
4897030556456 ,1
4897030556500 ,5
4897030556616 ,2
4897030556630 ,3
4897030556692 ,21
4897030556739 ,28
4897030557057 ,4
4897030557439 ,1
4897030557699 ,0
4897030557750 ,16
50000001446 ,2
500001 ,2
50000427543 ,0
50000427949 ,5
50000429448 ,0
50000570492 ,0
50000573622 ,12
50000574582 ,1
50000574988 ,0
50000582655 ,9
500008 ,-1
50000836123 ,42
500016 ,1
500033 ,0
500ML,0
5011569002720 ,2
5011569002782 ,2
5011569002829 ,3
5011569002867 ,2
5011569002874 ,3
5011569003765 ,4
5011569008463 ,2
5011569008524 ,2
5011569008548 ,3
5011569008579 ,12
5023556002330 ,2
5023556341323 ,48
5023556451008 ,2
5023556451015 ,2
5023556451022 ,0
5023556451060 ,0
5023556455204 ,0
5023556455235 ,3
5023556460567 ,0
5023556460840 ,4
5023556461205 ,4
5023556462004 ,10
5023556462011 ,5
5023556462103 ,9
5023556462110 ,9
5023556463278 ,8
5023861000311 ,32
5023861000335 ,32
5023861000403 ,36
5023861000700 ,79
5023861000793 ,38
5023861000809 ,19
5023861111505 ,76
5023861111512 ,10
5023861111628 ,22
5023861111901 ,40
5023861112311 ,9
5023861112335 ,53
5023861114704 ,10
5023861114728 ,18
5023861114766 ,15
5023861114926 ,19
5023861115268 ,13
5023861115282 ,15
5023861115305 ,0
5023861115589 ,20
5023861115862 ,39
5023861116265 ,40
5023861116418 ,40
5023861116432 ,10
5023861118221 ,0
5023861118238 ,1
5023861118474 ,116
5023861118498 ,38
5023861118511 ,97
5023861118535 ,77
5023861118559 ,20
5023861119310 ,1
5023861119327 ,1
5023861119341 ,-2
5023861119921 ,0
5023861119945 ,40
5023861119952 ,0
5023861119976 ,16
5023861120132 ,55
5023861120163 ,59
5023861121016 ,38
5023861121436 ,0
5023861121832 ,0
5023861121924 ,40
5023861122013 ,35
5023861122037 ,28
5023861122051 ,28
5023861122075 ,30
5028804003701 ,2
5028804008478 ,0
5028804008751 ,0
5028804008799 ,0
5028804101353 ,0
5028804101360 ,0
5028804101476 ,7
5028804101483 ,19
5034206044525 ,0
5034206044617 ,0
5060122491419 ,0
5060122491426 ,0
5060333439460 ,0
5168120050055 ,0
5168120405558 ,0
5168120512010 ,0
5168220513054 ,4
5168220621056 ,24
5168220820275 ,6
5168310420057 ,10
5168330401906 ,21
5212018000018 ,0
5212018000032 ,0
5212018000049 ,0
5212018000803 ,0
5400274256649 ,0
5400274256656 ,0
5400274256892 ,0
5400274256908 ,0
5400274258964 ,5
5400274260233 ,0
5400274261995 ,0
5400274262039 ,0
5400274262770 ,8
5400274270034 ,10
5400274287940 ,9
5400274292739 ,2
5400274294023 ,0
5400274294290 ,0
5400274302179 ,9
5400274302186 ,1
5400274302193 ,11
5400274311072 ,0
5400274314578 ,10
5400274314585 ,8
5400274314592 ,10
5400274314608 ,6
5400274314615 ,8
5400274314684 ,0
5400274363149 ,15
5400274363156 ,3
5400274363163 ,16
5400274363170 ,9
5400274363187 ,9
5400274363194 ,9
5400274529194 ,18
5400274531494 ,3
5400274531616 ,8
5400274544388 ,0
5400274680987 ,0
5400274717706 ,0
5400274717720 ,0
5400274717768 ,0
5400274722915 ,3
5400274730132 ,29
5400274738022 ,0
5400274750680 ,1
5400274753711 ,0
5400274811411 ,0
5400274816102 ,0
5400274822899 ,6
5400274837442 ,9
5400274892564 ,0
5400274897545 ,16
5400274925002 ,2
5400274948889 ,0
5400274948919 ,1
5400274954194 ,0
5400274954965 ,2
5400274954972 ,9
5400274954989 ,3
5400274958529 ,5
5400274959342 ,0
5400274972945 ,4
5400274984139 ,69
5400274984207 ,2
5400274984245 ,0
5400274984283 ,0
5400274984702 ,1
5400585002140 ,0
5400585002409 ,6
5400585003475 ,1
5400585004465 ,10
5400585004496 ,24
5400585004526 ,0
5400585004557 ,1
5400585004700 ,0
5400585004731 ,1
5400585004762 ,1
5400585004793 ,0
5400585004847 ,1
5400585004861 ,10
5400585005097 ,2
5400585005110 ,7
5400585005707 ,2
5400585005721 ,0
5400585005813 ,0
5400585005929 ,8
5400585006995 ,0
5400585007008 ,0
5400585007077 ,0
5400585007084 ,2
5400585008487 ,1
5400585008494 ,10
5400585009347 ,0
5400585009354 ,0
5400585010138 ,8
5400585010145 ,11
5400585010152 ,6
5400585010169 ,3
5400585010183 ,1
5400585010190 ,9
5400585010206 ,6
5400585010213 ,7
5400585010657 ,4
5400585010671 ,3
5400585010695 ,0
5400585011418 ,0
5400585012200 ,6
5400585012217 ,5
5400585012224 ,8
5400585012866 ,0
5400585012873 ,1
5400585012897 ,2
5400585012910 ,1
5400585013528 ,3
5400585013597 ,0
5400585028898 ,38
5400585029291 ,0
5400585032345 ,0
5400585033069 ,0
5400585034554 ,0
5400585034585 ,0
5400585036473 ,6
5400585036497 ,0
5400585036510 ,0
5400585043037 ,0
5400585043068 ,0
5400585043099 ,0
5400585043129 ,0
5400585045765 ,17
5400585045826 ,1
5400585046571 ,1
5400585046663 ,8
5400585049060 ,2
5400585049176 ,0
5400585049299 ,0
5400585049480 ,0
5400585050417 ,0
5400585050509 ,10
5400585050806 ,0
5400585051179 ,0
5400585053715 ,0
5400585054002 ,1
5400585054026 ,0
5400585054897 ,0
5400585056433 ,0
5400585056464 ,2
5400585056495 ,0
5400585056525 ,3
5400585056655 ,9
5400585056679 ,8
5400585056693 ,7
5400585056716 ,9
5400585057003 ,3
5400585058307 ,0
5400585060140 ,0
5400585060294 ,20
5400585063233 ,0
5400585063257 ,1
5400585063295 ,0
5400585063301 ,0
5400585063318 ,0
5400585065534 ,0
5400585065688 ,0
5400585065701 ,0
5400585065725 ,0
5400585065749 ,3
5400585065763 ,0
5400585066906 ,0
5400585066999 ,0
5400585067040 ,0
5400585068405 ,0
5400585068467 ,0
5400585068498 ,0
5400585068689 ,0
5400585068924 ,5
5400585073355 ,5
5400585073379 ,9
5400585073409 ,6
5400585073430 ,11
5400585073478 ,6
5400585073522 ,9
5400585073584 ,0
5400585073638 ,5
5400585082814 ,0
5400585083033 ,0
5400585083668 ,0
5400585083729 ,0
5400585083750 ,0
5400585084313 ,0
5400585086201 ,10
5400585094343 ,0
5400585094442 ,1
5400585094824 ,0
5400585095012 ,0
5400585095173 ,0
5400585095203 ,1
5400585095302 ,1
5400585095326 ,1
5400585095456 ,4
5400585095548 ,1
5400585095609 ,10
5400585096033 ,2
5400585096064 ,7
5400585096101 ,4
5400585096163 ,7
5400585098341 ,3
5400585098402 ,0
5400585100327 ,0
5400585100402 ,0
5400585100525 ,0
5400585100815 ,0
5400585101164 ,0
5400585102338 ,0
5400585103946 ,0
5400585105049 ,9
5400585106497 ,0
5400585106626 ,0
5400585106671 ,0
5400585106824 ,0
5400585106855 ,0
5400585106893 ,23
5400585107180 ,0
5400585107333 ,0
5400585107371 ,2
5400585107432 ,0
5400585107463 ,0
5400585109429 ,0
5400585111187 ,1
5400585111569 ,0
5400585111811 ,0
5400585112214 ,0
5400585112252 ,0
5400585112450 ,1
5400585112467 ,1
5400585112498 ,0
5400585112542 ,0
5400585112566 ,2
5400585112573 ,2
5400585112597 ,1
5400585112610 ,2
5400585112689 ,13
5400585112962 ,0
5400585113051 ,0
5400585113150 ,1
5400585113181 ,0
5400585113204 ,13
5400585117080 ,14
5400585117110 ,17
5400585117257 ,1
5400585117370 ,0
5400585117400 ,0
5411290103831 ,0
5411290104821 ,0
5411290106634 ,1
5411290106665 ,7
5411290106795 ,12
5411290106825 ,7
5411290106856 ,5
5411290137522 ,0
5411290150927 ,0
5411290162029 ,1
5411290162111 ,0
5411290162258 ,0
5411290170475 ,16
5411290174534 ,1
5411290203456 ,0
5411290203548 ,3
5411290215763 ,8
5411290238663 ,0
5411290265553 ,0
5411290277051 ,8
5411290278966 ,1
5411290283823 ,2
5411290287739 ,0
5411290289320 ,11
5411290293525 ,0
5411290313971 ,0
5411290314350 ,0
5411290326285 ,0
5412087001507 ,12
5412087004218 ,0
5412087008889 ,0
5412087031573 ,1
5413500002095 ,22
5414365026219 ,0
5414365075804 ,4
5415245047805 ,6
5415245054308 ,2
5415245055008 ,10
5415245055503 ,18
5415245060804 ,0
5415245129709 ,1
5415245134307 ,8
5415245135403 ,0
5415245149202 ,10
5415245149905 ,0
5415245150000 ,0
5415245151502 ,0
5415245151601 ,9
5415245152004 ,11
5415245152509 ,0
5415245152707 ,0
5415245152806 ,0
5415245152905 ,0
5415245396705 ,18
5415245397108 ,11
5415245438801 ,0
5415245442006 ,0
5607329045429 ,1
5607329078830 ,3
5607329078847 ,3
5723998440997 ,1
5906485672303 ,3
5ML,3
6 ,0
600001 ,38
600004 ,6
600014 ,7
600016 ,11
605 ,3
60ML,0
624 ,4
6287008500068 ,0
6287008500075 ,0
6287008500105 ,0
6287008500112 ,0
6287008500150 ,0
6287008500181 ,0
6287008500198 ,2
645095700628 ,0
645095700635 ,0
6500201700081 ,17
6500201700135 ,23
6500201700142 ,0
6500201700210 ,2
6500201700272 ,-1
6500201700326 ,-2
6500201700494 ,0
6500201710165 ,1
6500201726142 ,11
6500201726227 ,2
6500201751670 ,7
6500201760030 ,0
6500201767503 ,0
6500201767718 ,2
6500201777014 ,0
6500201790709 ,0
671875796871 ,1
671875796888 ,1
671875796918 ,0
67714001914 ,0
67714001945 ,0
67714102000 ,12
67714102017 ,312
67714102024 ,204
67714102031 ,422
67714102048 ,174
67714102062 ,82
67714102109 ,-1
67714102116 ,8
67714102147 ,27
67714982046 ,0
67714982053 ,0
67714982084 ,0
67714982138 ,4
67714982145 ,0
67714982152 ,0
67714982190 ,-1
67714982206 ,1
67714982213 ,0
67714982336 ,11
67714982343 ,0
67714982350 ,0
67714982411 ,0
67714982503 ,0
67714982534 ,1
67714982541 ,0
67714982565 ,0
67714982572 ,1
67714982633 ,0
67714982671 ,0
67714982718 ,0
67714982725 ,0
67714982732 ,0
67714982749 ,0
67714982756 ,0
67714982800 ,2
67714982848 ,1
67714982855 ,1
67714985924 ,0
67714985948 ,0
67714985955 ,0
685 ,0
686 ,11
687 ,1
6905425425886 ,0
6909328460814 ,0
6909328460838 ,0
6920840312085 ,0
6920840312382 ,5
6938104000753 ,36
6938104000784 ,0
6938104001118 ,6
6938104001170 ,38
6938104001187 ,0
6938104001286 ,20
6938104001699 ,0
6938104001705 ,7
6938104007547 ,10
6938104007868 ,5
6938104010974 ,10
6938104011001 ,0
6938104011230 ,92
6938104011971 ,10
6938104011988 ,10
6938104011995 ,0
6938104016716 ,0
6938104016747 ,3
6938104040445 ,17
6938104040452 ,25
6938104040469 ,42
6938104040476 ,27
6938104040544 ,1
6938104040575 ,4
6938104040582 ,1
6938104040605 ,2
6938104050604 ,0
6938104050789 ,0
6938104055715 ,0
6938104059584 ,5
6938104059720 ,3
6938104060085 ,3
6938939300066 ,1
6938939300097 ,0
6938939300196 ,0
6938939300653 ,0
69389393040699 ,4
6938939307027 ,0
6938939307829 ,0
6948915070678 ,13
6970194085173 ,2
6970569718880 ,4
700016 ,0
700034 ,0
701029000902 ,1
701029001244 ,1
701029001251 ,1
701029001572 ,0
701029007017 ,10
701029007024 ,1
701029007086 ,0
701029007116 ,0
701029007512 ,1
701029007536 ,0
701029007598 ,1
701029007611 ,1
701029007901 ,0
701029007918 ,0
701029007932 ,1
701029007949 ,0
701029101333 ,1
701029101340 ,26
701029101364 ,0
701029101425 ,0
701029101449 ,1
701029101470 ,-1
701029101494 ,0
701029101500 ,0
701029101517 ,5
701029101623 ,0
701029101661 ,0
701029101692 ,6
701029101708 ,3
701029101739 ,1
701029101777 ,0
701029101784 ,1
701029101807 ,9
701029101913 ,3
701029101920 ,7
701029102132 ,5
701029102149 ,4
701029103009 ,24
701029103023 ,15
701029103030 ,10
701029103047 ,0
701029103085 ,0
701029103115 ,0
701029103139 ,0
701029107151 ,0
701029107236 ,2
701029107243 ,0
701029107250 ,6
701029107328 ,3
701029107335 ,0
701029107359 ,2
701029108042 ,3
701029108059 ,0
701029108073 ,11
701029108097 ,2
701029108103 ,3
701029108264 ,0
701029108271 ,2
701029108325 ,1
701029108424 ,0
701029108448 ,11
701029108523 ,32
701029108592 ,0
701029108639 ,12
701029108646 ,16
701029108653 ,12
701029108899 ,13
701029121614 ,2
701029121621 ,1
701029121645 ,4
701029121652 ,3
701029121805 ,1
701029121874 ,6
701029130067 ,6
701029130081 ,2
701029130326 ,6
701029131736 ,0
701029157101 ,1
701029157125 ,3
701029157750 ,1
701029157767 ,3
701029157842 ,6
701029158450 ,2
701029158597 ,8
701029160095 ,6
701029160231 ,0
701029160330 ,1
701029160347 ,5
701029160361 ,2
701029160484 ,1
701029160545 ,2
701029161047 ,11
701029162594 ,0
701029165014 ,0
701029200036 ,0
701029210028 ,0
701029210035 ,10
701029210042 ,1
701029210066 ,10
701029210073 ,28
701029210080 ,1
701029210097 ,17
701029210110 ,25
701029210127 ,5
701029210134 ,13
701029210202 ,0
701029210219 ,33
701029210226 ,9
701029210233 ,8
701029210257 ,9
701029210264 ,10
701029210271 ,9
701029210509 ,0
701029210530 ,2
701029210745 ,2
701029210769 ,5
701029210929 ,-2
701029211025 ,0
701029211230 ,0
701029211407 ,0
701029211506 ,0
701029211513 ,5
701029211711 ,6
701029211803 ,2
701029211827 ,12
701029211858 ,2
701029211889 ,4
701029211919 ,4
701029211933 ,3
701029211940 ,3
701029211971 ,0
701029211988 ,0
701029212015 ,2
701029212022 ,10
701029212039 ,4
701029212046 ,2
701029212060 ,0
701029212077 ,3
701029212084 ,0
701029212107 ,9
701029212121 ,4
701029212138 ,0
701029212206 ,10
701029212213 ,0
701029222403 ,0
701029230507 ,0
701029230828 ,0
701029230835 ,24
701029230842 ,7
701029231016 ,5
701029231023 ,3
701029231030 ,4
701029310124 ,4
701029310148 ,2
701029310179 ,5
701029310254 ,12
701029310407 ,0
701029310643 ,0
701029377479 ,0
701029377820 ,0
701029377851 ,0
701029377905 ,0
701029378612 ,0
701029378629 ,0
701029378643 ,0
701029378919 ,0
701029378926 ,0
701029555570 ,-1
701029555594 ,1
701029555600 ,5
701029575974 ,1
701029576155 ,2
701029576551 ,8
701029810020 ,0
701029810068 ,3
701029810150 ,0
701029810181 ,3
701029810235 ,9
701029810242 ,7
701029810259 ,19
701029820586 ,0
701029821088 ,2
701029821095 ,0
701029821309 ,-2
701029821330 ,7
701029822504 ,10
701029822832 ,2
701029823150 ,3
701029823167 ,7
701029823174 ,4
701029823181 ,6
701029823402 ,1
701029823426 ,7
701029823433 ,2
701029823440 ,6
701029823457 ,7
701029824157 ,0
701029825017 ,12
701029825024 ,11
701029825208 ,8
701029825215 ,12
701029825222 ,8
701029825246 ,9
701029825253 ,9
701029825260 ,5
701029825291 ,7
701029825369 ,3
701029825390 ,5
701029825451 ,10
701029825499 ,20
701029825536 ,6
701029826021 ,3
701029827097 ,4
701029827110 ,3
701029827127 ,11
701029827134 ,4
701029827165 ,5
701029827189 ,0
701029827271 ,2
701029829480 ,1
701029829596 ,3
701029829602 ,3
701029829633 ,0
701029831001 ,1
701029832626 ,2
701029902954 ,0
701029903913 ,0
701029905047 ,0
701029905061 ,0
701029905078 ,0
701029905399 ,0
701029905405 ,0
701029907478 ,8
701029910164 ,1
701029930124 ,0
701029930148 ,0
701029930438 ,0
701029930568 ,0
701029930575 ,0
725 ,14
727 ,8
729849105393 ,1
729849142626 ,2
729849142701 ,1
729849142718 ,5
729849142725 ,6
73091020400 ,17
73091020622 ,0
750826000806 ,3
7531824361426 ,-23
75ML,3
7611212462703 ,4
7611212462710 ,1
7611212462734 ,3
7611212462741 ,14
7613036497633 ,0
7613036497893 ,0
7613036497916 ,0
7613036497930 ,0
780824107924 ,8
780824121005 ,9
780824127359 ,9
784369555554 ,1
786306094065 ,0
786306096045 ,0
786306096380 ,0
786306499051 ,0
7898349701824 ,-6
7898349701855 ,-8
800007 ,19
800034 ,0
8003507970335 ,0
8003507970342 ,0
8006751011847 ,5
8006751011953 ,0
8006751025073 ,0
8006751025097 ,0
8006751025103 ,7
8006751025110 ,24
8006751025127 ,3
8006751058750 ,3
8006751327573 ,1
8006751328457 ,13
8006751328488 ,3
8006751329089 ,5
8006751329270 ,0
8006751329324 ,1
8006751329348 ,1
8006751329515 ,0
8006751329539 ,1
8006751346901 ,3
8006751346932 ,7
8006751353169 ,2
8006751353176 ,0
8006751353466 ,0
8006751353718 ,0
8006751353855 ,2
8006751355255 ,1
8006751355361 ,2
8006751355729 ,0
8006751356115 ,2
8006751356320 ,2
8006751356337 ,2
8006751356450 ,0
8006751358799 ,0
8006751362871 ,1
8006751363052 ,1
8006751363069 ,1
8006751364813 ,1
8006751364820 ,0
8006751364837 ,1
8006751366145 ,2
8006751366169 ,2
8006751366459 ,3
8006751375390 ,1
8006751375406 ,1
8006751376601 ,1
8006751376687 ,6
8006751388437 ,1
8006751392946 ,0
8006751392960 ,0
8006751392977 ,1
8006751392984 ,1
8006751392991 ,0
8006751393004 ,1
8006751393011 ,1
8006751393042 ,0
8006751393059 ,0
8006751393073 ,0
8006751393127 ,0
8006751399945 ,1
8006751400016 ,1
8006751400023 ,0
8006751400931 ,1
8006751401075 ,0
8006751401846 ,25
8007633191626 ,0
8009632007694 ,18
8009632007700 ,2
8009632008615 ,3
8009632008622 ,7
8009632008639 ,6
8009632008646 ,6
8009632008653 ,3
8009632008660 ,7
8009632008677 ,6
8009632008684 ,5
8009632008691 ,3
8009632011141 ,0
8009632015866 ,13
8009632015873 ,0
8009632015880 ,5
8009632015903 ,2
8009632015910 ,3
8009632019635 ,2
8009632019659 ,1
8009632019680 ,1
8009632020570 ,0
8009632020587 ,10
8009632022338 ,0
8009632022345 ,0
8009632024448 ,17
8009632024516 ,3
8009632024561 ,0
8009632024585 ,11
8009632024837 ,20
8009632024844 ,68
8009632027043 ,6
8009632027289 ,3
8009632027760 ,6
8009632027777 ,2
8009632027906 ,0
8009632029184 ,6
8009632034515 ,4
8009632034881 ,1
8009632036595 ,5
8009632036601 ,17
8009632036984 ,29
8009632036991 ,10
8009632037004 ,1
8009632038148 ,0
8009632038186 ,0
8009632038643 ,6
8009632038667 ,4
8009632038698 ,1
8009632038711 ,3
8009632039251 ,0
8009632039268 ,0
8009632039275 ,4
8009632039282 ,0
8009632039299 ,0
8009632039305 ,0
8009632039312 ,0
8009632039350 ,1
8009632039367 ,4
8009632039374 ,1
8009632039381 ,0
8009632039404 ,0
8009632039411 ,0
8009632039428 ,0
8009632039503 ,0
8009632039510 ,2
8009632039527 ,0
8009632039688 ,0
8009632039701 ,0
8009632039718 ,0
8009632039756 ,23
8009632039794 ,0
8009632039800 ,0
8009632039831 ,12
8009632039848 ,0
8009632039855 ,13
8009632039893 ,5
8009632039909 ,10
8009632039916 ,3
8009632039923 ,6
8009632039947 ,6
8009632039954 ,8
8009632039961 ,5
8009632040028 ,0
8009632040066 ,7
8009632040097 ,1
8009632040141 ,5
8009632040158 ,0
8009632040189 ,4
8009632040226 ,0
8009632040257 ,1
8009632040264 ,18
8009632040271 ,3
8009632040288 ,0
8009632040295 ,16
8009632040301 ,7
8009632040318 ,5
8009632040325 ,5
8009632040332 ,5
8009632040356 ,2
8009632040363 ,1
8009632040370 ,7
8009632040394 ,3
8009632040400 ,29
8009632040417 ,5
8009632040431 ,3
8009632040448 ,1
8009632040455 ,7
8009632040462 ,0
8009632040479 ,0
8009632040509 ,3
8009632040516 ,2
8009632040530 ,3
8009632040547 ,7
8009632040554 ,16
8009632040585 ,4
8009632040592 ,1
8009632040615 ,0
8009632040639 ,6
8009632040684 ,3
8009632040691 ,13
8009632040707 ,17
8009632040714 ,3
8009632040745 ,5
8009632040752 ,32
8009632040769 ,5
8009632040813 ,6
8009632040837 ,6
8009632040844 ,7
8009632040851 ,12
8009632040868 ,6
8009632040875 ,8
8009632050072 ,3
8009632050744 ,3
8009632050935 ,0
8009632050942 ,0
8009632050959 ,-2
8009632051109 ,0
8009632051116 ,0
8009632051123 ,0
8009632051130 ,1
8009632051147 ,6
8009632051154 ,9
8009632051161 ,7
8009632051260 ,0
8009632051390 ,0
8009632051826 ,3
8009632051833 ,0
8009632051840 ,0
8009632051857 ,0
8009632051871 ,0
8009632051888 ,0
8009632051895 ,0
8009632051918 ,0
8009632051925 ,0
8009632052298 ,0
8009632052809 ,2
8009632053134 ,6
8009632053141 ,18
8009632053158 ,8
8009632053165 ,7
8009632053172 ,2
8009632053196 ,0
8009632054148 ,12
8009632054155 ,12
8009632054162 ,4
8009632054179 ,0
8009632054186 ,14
8009632054193 ,0
8009632054209 ,10
8009632054223 ,10
8009632054247 ,4
8009632054254 ,10
8009632054261 ,5
8009632054285 ,1
8009632054292 ,0
8009632054391 ,1
8009632054537 ,2
8009632054599 ,0
8009632054605 ,5
8009632054612 ,2
8009632054643 ,4
8009632054704 ,1
8009632054711 ,6
8009632054728 ,6
8009632054766 ,9
8009632054773 ,0
8009632055206 ,2
8009632055527 ,11
8009632055534 ,0
8009632055565 ,0
8009632055572 ,8
8009632055626 ,5
8009632055633 ,6
8009632055640 ,0
8009632055664 ,0
8009632055671 ,0
8009632055688 ,0
8009632055695 ,0
8009632055701 ,0
8009632055794 ,1
8009632055879 ,4
8009632055893 ,2
8009632055961 ,1
8009632055992 ,0
8009632056135 ,0
8009632056166 ,1
8009632056180 ,2
8009632056432 ,1
8010690013978 ,0
8010690013992 ,0
8010690023076 ,0
8010690023113 ,1
8010690023175 ,21
8010690030043 ,7
8010690030852 ,0
8010690030876 ,1
8010690040899 ,0
8010690045771 ,1
8010690048000 ,0
8010690050584 ,0
8010690051000 ,0
8010690051031 ,0
8010690051048 ,0
8010690051772 ,1
8010690051857 ,0
8010690056487 ,1
8010690056517 ,4
8010690056784 ,3
8010690064581 ,0
8010690064987 ,0
8010690064994 ,0
8010690065632 ,1
8010690065823 ,0
8010690066004 ,0
8010690071558 ,1
8010690071718 ,7
8010690071732 ,6
8010690072234 ,0
8010690076553 ,1
8010690078854 ,1
8010690078861 ,1
8010690079653 ,8
8010690088365 ,1
8010690088457 ,3
8010690088969 ,0
8010690088983 ,1
8010690089812 ,-1
8010690101613 ,0
8010690105161 ,5
8010690105895 ,0
8010690108377 ,1
8010690108384 ,2
8010690108391 ,1
8010690110417 ,1
8010690111858 ,0
8010690112503 ,9
8010690115092 ,36
8010690115191 ,1
8010690125183 ,0
8010690125381 ,0
8010690125404 ,6
8010690125428 ,6
8010690125435 ,5
8010690140797 ,1
8010690142609 ,3
8010690146850 ,1
8010690147420 ,1
8010690149387 ,1
8010690149394 ,2
8010690159553 ,4
8010690162195 ,2
8010690165158 ,1
8010690165165 ,6
8011 ,3
8011469991145 ,2
8011469995563 ,6
8011469995570 ,7
8011469995808 ,6
8011469995839 ,3
8011469996232 ,5
8015912502797 ,130
8015912502803 ,163
8015912502810 ,111
8015912502834 ,277
8015912502841 ,109
8015912502858 ,156
8015912502865 ,68
8015912503077 ,11
8015912503084 ,0
8015912503091 ,1
8015912503107 ,3
8015912503114 ,-5
8015912503121 ,0
8015912503138 ,1
8015912503145 ,4
8015912503152 ,1
8015912503169 ,0
8015912503176 ,0
8015912503183 ,6
8015912503190 ,8
8015912503206 ,30
8015912503213 ,35
8015912503220 ,0
8015912503237 ,2
8015912503251 ,0
8015912503268 ,0
8015912503282 ,0
8015912503299 ,0
8015912503305 ,0
8015912503329 ,0
8015912503336 ,-1
8015912503343 ,0
8015912503350 ,61
8015912503367 ,58
8015912503374 ,48
8015912503381 ,95
8015912503398 ,0
8015912503404 ,6
8015912503442 ,84
8015912503459 ,29
8015912503633 ,0
8015912503695 ,14
8015912504050 ,0
8015912504074 ,7
8015912504104 ,-17
8015912504319 ,0
8015912504333 ,0
8015912504357 ,0
8015912504562 ,0
8015912504579 ,0
8015912504586 ,1
8015912504593 ,-1
8015912504609 ,0
8015912504616 ,-1
8015912504623 ,0
8015912504654 ,152
8015912504661 ,96
8015912504678 ,-2
8015912504715 ,0
8015912505255 ,0
8015912505262 ,0
8015912505279 ,0
8015912505392 ,2
8015912505408 ,0
8015912505415 ,6
8015912505637 ,79
8015912505644 ,68
8015912505651 ,75
8015912505743 ,-1
8015912505750 ,-1
8015912505767 ,-16
8015912505835 ,5
8015912505842 ,0
8015912505859 ,56
8015912505866 ,94
8015912506047 ,0
8015912506054 ,84
8015912506078 ,0
8015912506085 ,233
8015912506092 ,0
8015912506108 ,-8
8015912506115 ,0
8015912506122 ,63
8015912506672 ,0
8015912506733 ,189
8015912506740 ,0
8015912506764 ,183
8015912507358 ,0
8015912507365 ,1
8015912507396 ,136
8015912507402 ,206
8015912507419 ,323
8015912507426 ,359
8015912507433 ,6
8015912507440 ,73
8015912508041 ,22
8015912508058 ,74
8015912509031 ,22
8015912509048 ,15
8015912509055 ,28
8015912509178 ,170
8015912509208 ,43
8015912509239 ,126
8017520001419 ,0
8018084000856 ,0
8018084016598 ,0
8018084016611 ,0
8018084023138 ,0
8018084024678 ,0
8018084042009 ,0
8018084052664 ,0
8018189500091 ,3
8022767040459 ,0
8022767040473 ,0
8022767040497 ,0
8022767040510 ,0
8022967012850 ,0
8022967022521 ,0
8022967023474 ,0
8022967032025 ,3
8022967038980 ,7
8022967039246 ,3
8022967039499 ,4
8022967040594 ,0
8022967040747 ,0
8022967045063 ,0
8022967045070 ,1
8022967045711 ,0
8022967049030 ,9
8022967049047 ,31
8022967052290 ,0
8022967055109 ,0
8022967062084 ,4
8022967064446 ,0
8023222000391 ,10
8023222008731 ,0
8023222008748 ,0
8023222008779 ,0
8023222008786 ,1
8023222009295 ,0
8023222012752 ,1
8023222012769 ,0
8023222013025 ,0
8023222013032 ,1
8023222013070 ,7
8023222013377 ,8
8023222013438 ,0
8023222013483 ,0
8023222013490 ,3
8023222013513 ,8
8023222013544 ,10
8023222014107 ,9
8023222014138 ,5
8023222014206 ,10
8023222014213 ,12
8023222014220 ,4
8023222014237 ,3
8023222014244 ,5
8023222014268 ,6
8023222014282 ,4
8023222014350 ,15
8023222014367 ,12
8023222015364 ,5
8023222016767 ,0
8023222017504 ,0
8023222024403 ,0
8023222025295 ,0
8023222026674 ,1
8023222027572 ,2
8023222027763 ,6
8023222027770 ,10
8023222027787 ,6
8023222028623 ,22
8023222028647 ,23
8023222028708 ,12
8023222029798 ,0
8023222031951 ,13
8023222031968 ,9
8023222031975 ,0
8023222032002 ,0
8023222032750 ,2
8023222032767 ,3
8023222032811 ,7
8023222038844 ,0
8023222043565 ,11
8023222050242 ,-1
8023222050341 ,5
8023222051478 ,0
8023222053953 ,26
8023222054127 ,4
8023222056152 ,1
8023222056428 ,1
8023222056435 ,1
8023222056466 ,1
8023222056473 ,0
8023222056480 ,1
8023222056596 ,0
8023222056602 ,0
8023222056619 ,0
8023222060890 ,0
8023222061033 ,2
8023222061699 ,14
8023222061866 ,10
8023222063259 ,0
8023222063778 ,0
8023222064393 ,6
8023222064508 ,-1
8023222064638 ,5
8023222064713 ,11
8023222065581 ,5
8023222065604 ,4
8023222067097 ,0
8023222070516 ,2
8023222073784 ,0
8023222078833 ,4
8023222078840 ,4
8023222078857 ,6
8023222078864 ,5
8023222078871 ,6
8023222078888 ,3
8023222078895 ,6
8023222078901 ,6
8023222081284 ,1
8023222084797 ,0
8023222084872 ,8
8023222084896 ,0
8023222089457 ,3
8023222089556 ,1
8023222090019 ,4
8023222092723 ,1
8023222093096 ,2
8023222094178 ,6
8023222094192 ,10
8023222094208 ,14
8023222094307 ,0
8023222094970 ,0
8023222100725 ,1
8023222106673 ,0
8023222111721 ,11
8023222113459 ,0
8023222113831 ,5
8023222113848 ,0
8023222113855 ,4
8023222113862 ,5
8023222113879 ,6
8023222113886 ,5
8023222114623 ,1
8023222114753 ,5
8023222114760 ,7
8023222115088 ,0
8023222116115 ,2
8023222119710 ,3
8023222120211 ,4
8023222120235 ,1
8023222120365 ,0
8023222121881 ,0
8023222121911 ,0
8023222123915 ,6
8023222124301 ,1
8023222124905 ,73
8023222124912 ,0
8023222125513 ,1
8023222125872 ,7
8023222126299 ,14
8023222126770 ,0
8023222126954 ,2
8023222127500 ,1
8023222129955 ,0
8023222134461 ,1
8023222137455 ,0
8023222137462 ,1
8023222137592 ,0
8023222139732 ,0
8023222139749 ,5
8023222139756 ,13
8023222139763 ,3
8023222140288 ,1
8023222140400 ,9
8023222140714 ,0
8023222141698 ,0
8023222142947 ,9
8023222142961 ,43
8023222143166 ,1
8023222143173 ,0
8023222143180 ,2
8023222143395 ,2
8023222144392 ,10
8023222146952 ,8
8023222151437 ,0
8023222152526 ,1
8023222153516 ,0
8023222156944 ,1
8023222157101 ,6
8023222157118 ,4
8023222157132 ,0
8023222157347 ,1
8023222157644 ,1
8023222157804 ,2
8023222157897 ,5
8023222159013 ,7
8023222159099 ,2
8023222161320 ,4
8023222162235 ,5
8023222162662 ,5
8023222165755 ,2
8023222167681 ,14
8023222167889 ,1
8023222168510 ,2
8023222169203 ,5
8023222170285 ,0
8023222170292 ,1
8023222170551 ,0
8023222173170 ,4
8023222173323 ,1
8023222174009 ,5
8023222174047 ,1
8023222175228 ,5
8023222180239 ,17
8023222180246 ,34
8023222180871 ,1
8023222180901 ,2
8023222180925 ,5
8023222180932 ,0
8023222180949 ,1
8023222181366 ,1
8023222181977 ,5
8023222182059 ,2
8023222182127 ,1
8023222182134 ,2
8023222182141 ,1
8023222182219 ,0
8023222182318 ,0
8023222184169 ,0
8023222184176 ,0
8023222184183 ,0
8023222184206 ,0
8023222184213 ,0
8023222186989 ,3
8023222186996 ,1
8023222187061 ,6
8031398000831 ,1
8031398000855 ,0
8031398123585 ,0
8031398124025 ,-2
8031398127675 ,-1
8033776760689 ,-2
8033776760818 ,0
8033776762003 ,0
8033776762010 ,0
8033776762058 ,0
8033776762102 ,0
8033776765080 ,0
8033776766780 ,0
8033776768524 ,0
8033776768937 ,0
8033776768944 ,0
8034139711058 ,0
80520 ,7
8055960250028 ,5
8055960250035 ,3
8055960250042 ,3
8055960250066 ,2
8055960250073 ,1
8055960250080 ,2
8055960250097 ,4
8055960250110 ,1
8055960250127 ,2
8055960250141 ,2
8055960250165 ,5
8055960250172 ,2
8055960250196 ,1
8055960250219 ,1
8055960250233 ,2
8055960250257 ,1
8055960250288 ,1
8055960250301 ,2
8055960250318 ,2
8055960250325 ,1
8055960250332 ,2
8055960250356 ,2
8055960250363 ,2
8055960250370 ,1
8055960250387 ,4
8055960250394 ,3
8055960250400 ,1
8055960250417 ,2
8055960250424 ,1
8055960250431 ,1
8055960250486 ,6
8055960250509 ,1
8055960250523 ,6
8055960250530 ,8
8055960250547 ,3
8055960250554 ,5
8055960250561 ,5
8055960250578 ,7
8055960250585 ,5
8055960250592 ,5
8055960250608 ,5
8055960250615 ,5
8055960250622 ,5
8055960250639 ,5
8055960250646 ,5
8055960250653 ,5
8055960250677 ,5
8055960250790 ,1
8055960250806 ,4
8055960250813 ,1
8055960250820 ,1
8055960250844 ,4
8055960250875 ,4
8055960250899 ,5
8055960250912 ,2
8055960250943 ,4
8055960250950 ,5
8055960251247 ,5
8055960251261 ,5
8055960251285 ,1
8055960251292 ,5
8055960251315 ,5
8055960251322 ,5
8055960251377 ,5
8055960251391 ,5
8055960251407 ,10
8055960251445 ,10
8055960251452 ,5
8055960251568 ,5
8055960251575 ,5
8055960251612 ,5
8055960251629 ,3
8055960251674 ,5
8055960251773 ,5
8055960254194 ,4
8055960254217 ,2
8055960254293 ,0
8055960254309 ,0
8055960254330 ,0
8055960254354 ,4
8055960254392 ,1
8055960254422 ,5
8055960254439 ,5
8055960254446 ,5
8055960254453 ,5
8055960254460 ,5
8055960254484 ,5
8055960254491 ,5
8055960254507 ,5
8055960254514 ,5
8055960254521 ,5
8055960254538 ,2
8055960254545 ,4
8055960254576 ,2
8055960254606 ,3
8055960254613 ,1
8055960254620 ,2
8055960254644 ,0
8055960254668 ,1
8055960254682 ,3
8055960254774 ,1
8055960254781 ,7
8055960256358 ,5
8055960256396 ,4
8055960256402 ,2
8055960256426 ,5
8055960257201 ,1
8055960257300 ,3
8055960257348 ,5
8055960257379 ,5
8055960257386 ,6
8055960257393 ,5
8055960257409 ,6
8055960257416 ,8
8055960257423 ,5
8055960257430 ,5
8055960257447 ,5
8055960257454 ,5
8055960257461 ,5
8055960257478 ,5
8055960257485 ,5
8055960257492 ,4
8055960257508 ,5
8055960257515 ,6
8055960257522 ,5
8055960257539 ,5
8055960257546 ,5
8055960257782 ,5
8055960257829 ,5
8055960257843 ,5
8055960257867 ,5
8055960257904 ,4
8055960257928 ,5
8055960257959 ,5
8055960258031 ,5
8055960258048 ,5
8055960258185 ,1
8055960258239 ,2
8055960258505 ,2
8055960258529 ,2
8055960258536 ,2
8055960258543 ,2
8055960258550 ,2
8055960258598 ,5
8055960259427 ,1
8055960259458 ,5
8055960259526 ,4
8055960259533 ,5
8055960259540 ,5
8055960259557 ,5
8055960259571 ,5
8055960259632 ,5
8055960259649 ,4
8055960259663 ,5
8055960259670 ,5
8055960259700 ,1
8055960259717 ,2
8055960259793 ,3
8055960259823 ,1
8055960259861 ,1
8055960259953 ,5
8055960259977 ,5
8055960259984 ,5
8058093270208 ,5
8058093270215 ,4
8058093271991 ,0
8058093272653 ,15
8058093272660 ,0
8058093272677 ,1
8058093272868 ,1
8058093273162 ,0
8058093273346 ,2
8058773270733 ,5
8058773270818 ,2
8058773270825 ,5
8058773270863 ,5
8058773270870 ,5
8058773270900 ,2
8058773270917 ,5
8058773270962 ,5
8058773271624 ,5
8058773271631 ,5
8058773271648 ,5
8058773271655 ,5
8058773271730 ,5
8058773271747 ,5
8058773271754 ,5
8058773271761 ,5
8058773272003 ,7
8058773272010 ,5
8058773272027 ,5
8058773272034 ,5
8058773272041 ,5
8058773272058 ,6
8058773272065 ,5
8058773272072 ,5
8058773272218 ,5
8058773272225 ,5
8058773272232 ,5
8058773272249 ,5
8058773272256 ,5
8058773272263 ,5
8058773272270 ,5
8058773272287 ,5
8058773272300 ,5
8058773272317 ,5
8058773272324 ,5
8058773272331 ,5
8058773272348 ,5
8058773272355 ,5
8058773272362 ,5
8058773272379 ,5
8058773272386 ,5
8058773272393 ,5
8058773272409 ,5
8058773272423 ,5
8058773272454 ,4
8058773273697 ,5
8058773273703 ,5
8058773273710 ,5
8058773273727 ,5
8058773273741 ,5
8058773273758 ,5
8058773273789 ,5
8058773273819 ,5
8058773274229 ,5
8058773274236 ,5
8058773274243 ,5
8058773274250 ,5
8058773274267 ,5
8058773274274 ,5
8058773274281 ,5
8058773274298 ,5
8058773274304 ,5
8058773274311 ,5
8058773274328 ,5
8058773274335 ,5
8058773274342 ,5
8058773274359 ,5
8058773274366 ,5
8058773274373 ,5
8058773274380 ,5
8058773274397 ,5
8058773274403 ,5
8058773274410 ,5
8058773274427 ,5
8058773274441 ,5
8058773274465 ,5
8058773274489 ,5
8058773274519 ,1
8058773274618 ,0
8058773274625 ,0
8058773274816 ,0
8058773274823 ,1
8058773274830 ,1
8058773274915 ,1
8058773274922 ,1
8058773274946 ,1
8058773274984 ,0
8058773274991 ,0
8058773275004 ,1
8058773275011 ,0
8058773275028 ,0
8058773275035 ,1
8058773275134 ,1
8058773275141 ,1
8058773275158 ,1
8058773275165 ,1
8058773275172 ,1
8058773275189 ,1
8058773275196 ,1
8058773275202 ,1
8058773275219 ,1
8058773275226 ,2
8058773275233 ,1
8058773275240 ,1
8058773275257 ,1
8058773275264 ,1
8058773275271 ,1
8058773275288 ,1
8058773275295 ,1
8058773275301 ,1
8058773275318 ,1
8058773275325 ,1
8058773275332 ,1
8058773275349 ,1
8058773275356 ,1
8058773275363 ,1
8058773275479 ,0
8058773275486 ,0
8058773275493 ,0
8058773275509 ,0
8058773275516 ,0
8058773275523 ,0
8058773275530 ,0
8058773275547 ,0
8058773275684 ,0
8058773275691 ,0
8058773275707 ,0
8058773275714 ,0
8058773275721 ,1
8058773275776 ,0
8058773275783 ,0
8058773275790 ,0
8058773275806 ,1
8058773276155 ,0
8058773276162 ,0
8058773276179 ,0
8058773276186 ,0
8058773276209 ,0
8058773276384 ,0
8058773276445 ,0
8058773276483 ,0
8058773276490 ,0
8058773276520 ,0
8058773276537 ,0
8058773276605 ,1
8058773276612 ,1
8058773276629 ,0
8058773276636 ,1
8058773276643 ,1
8058773276650 ,1
8058773276667 ,1
8058773276674 ,1
8058773276681 ,1
8058773276698 ,1
8058773276704 ,1
8058773276711 ,1
8058773276728 ,1
8058773276735 ,1
8058773276742 ,1
8058773277107 ,0
8058773277121 ,0
8058773277138 ,0
8058773277145 ,0
8058773277176 ,0
8058773277336 ,0
8058773277343 ,0
8058773277350 ,0
8058773277381 ,0
8058773277398 ,1
8058773277404 ,1
8058773277466 ,0
8058773277473 ,0
8058773277503 ,0
8058773277572 ,0
8058773277589 ,0
8058773277657 ,0
8058773277671 ,0
8058773277718 ,0
8058773277763 ,0
8058773277879 ,0
8058773278036 ,1
8058773278050 ,1
8058773278067 ,0
818628021853 ,0
829274512312 ,1
8411514803643 ,0
8411514805234 ,8
8411514805302 ,6
8414580000169 ,24
8414580000855 ,138
8414580001715 ,13
8414580004655 ,48
8414580004686 ,58
8414580004693 ,10
8414580005348 ,0
8414580005379 ,0
8414580008967 ,12
8429886000300 ,0
8429886000317 ,0
8429886000324 ,4
8429886000447 ,1
8429886000461 ,0
8429886000607 ,0
8429886000676 ,3
8429886000720 ,0
8429886001000 ,0
8429886001017 ,0
8429886001284 ,3
8429886001529 ,5
8429886001567 ,0
8429886002106 ,0
8429886002229 ,2
8429886002502 ,0
8429886004636 ,0
8429886008191 ,0
8429886008290 ,0
8429886008313 ,0
8429886008344 ,0
8429886008351 ,0
8429886008375 ,0
8429886008399 ,0
8429886008405 ,1
8429886008801 ,0
8429886008818 ,0
8429886008900 ,0
8429886019531 ,0
8429886019562 ,0
8429886019579 ,0
8429886019586 ,1
8429886019609 ,0
8429886020100 ,0
8429886020216 ,0
8429886020230 ,1
8429886020285 ,0
8429886020292 ,0
8429886020490 ,2
8429886020513 ,0
8429886020520 ,0
8429886020605 ,0
8429886020643 ,0
8429886020681 ,0
8429886021701 ,0
8429886021718 ,1
8429886021954 ,0
8429886021961 ,0
8429886021978 ,1
8429886022463 ,0
8429886022517 ,1
8429886022524 ,0
8429886022531 ,0
8429886022579 ,0
8429886022593 ,1
8429886022609 ,0
8429886022616 ,3
8429886022623 ,4
8429886022937 ,0
8429886022944 ,0
8429886022951 ,1
8429886023385 ,1
8429886023408 ,3
8429886023415 ,0
8429886024467 ,18
8429886024474 ,7
8429886024603 ,2
8429886024627 ,2
8429886024672 ,0
8429886024689 ,0
8429886024696 ,0
8429886024771 ,0
8429886024948 ,2
8429886024955 ,1
8429886024962 ,2
8429886024993 ,1
8429886025013 ,0
8429886025020 ,1
8429886025044 ,0
8429886025075 ,0
8429886025181 ,0
843775107037 ,2
843775107068 ,2
843775107099 ,1
843775107570 ,0
843775107587 ,1
843775107617 ,1
843775107624 ,1
843775107655 ,1
843775107662 ,0
843775107679 ,2
843775107686 ,2
843775107945 ,2
843775107952 ,1
843775107976 ,1
843775107983 ,2
843775108027 ,1
843775108058 ,4
843775108171 ,1
843775108188 ,1
843775108294 ,1
843775108447 ,1
844969000516 ,0
844969000684 ,5
844969000868 ,0
84942592601 ,7
856211005033 ,0
856211005057 ,2
856211005071 ,10
856211005101 ,10
856211005118 ,18
8694686405857 ,0
8694686406090 ,0
8694686406120 ,0
8698995010573 ,0
8711231101467 ,3
8711231101474 ,3
8711231103324 ,1
8711231109029 ,0
8711231109111 ,46
8711231112852 ,0
8711231115327 ,0
8711231136841 ,0
8711231150373 ,16
8711231150380 ,11
8711908130004 ,0
8711908290005 ,0
8711908291002 ,0
8711908292009 ,0
8711908298001 ,0
8711908298100 ,0
8711908298209 ,0
8852084172836 ,0
8852084172843 ,0
8852084172850 ,-1
8852084172867 ,1
8852084172881 ,0
8852084172898 ,1
8852084172904 ,0
8852084173239 ,0
8852084173253 ,0
8852084173260 ,0
8852084173277 ,-1
8855648008107 ,21
8855648008121 ,10
8855648008138 ,6
8855648008145 ,3
8855648008152 ,6
900003 ,-2
900006 ,0
900011 ,0
900013 ,0
900014 ,0
900016 ,-1
900017 ,0
900024 ,0
900025 ,-2
900026 ,0
900028 ,0
900031 ,0
900033 ,0
900081 ,0
900083 ,0
9168920005671 ,5
97612200300 ,5
97612925500 ,2
98371 ,2
98372 ,-2
98373 ,2
A105,0
A200ML,30
A25,0
AA20,14
AA82,2
AB733,13
AS2814,5
AS2824,17
AX15-017-G,0
AX15-017-MG,0
AX15-017-W,0
BC23,-2
CUP,61
F1000000115,175
F1000000116,137
JME0079,16
JME0094,11
KC225,0
M651,1
P504,4
P516,2
P517,3
P528,20
P530,0
P535,0
P551,0
P553,9
P573,1
P574,2
P577,1
P580,1
P581,2
P582,0
P603,1
P624,0
P627,8
P636,4
P645,3
P646,10
P650,1
P654,6
P659,2
P686,0
P717,3
P718,0
P721,1
P724,0
P813,4
P813-1,8
P814,2
P852,9
P855,9
P871-A,0
P885,0
P888,1
P902,0
P907-A,2
SWA0233,1
SWA0699,1
SWD0044,0
SWE0005,290
SWE0015,18
SWE0024,16
SWG0005,7
SWG0013,4
SWG0015,7
SWG0024,2
XF50301A,23
XF50301B,6
XF50301C,7
XF50301D,11
XF50303A,13
XF50303B,11
XF50303C,16
XF50303D,22
XF50304A,19
XF50304B,4
XF50304C,19
XF50304D,3
XF50313,4
XF50322,8
XF50323,5
XF50329,4
XF60301B,48
Z,0
